-- phpMyAdmin SQL Dump
-- version 5.2.1deb3
-- https://www.phpmyadmin.net/
--
-- Host: localhost:3306
-- Generation Time: Jul 13, 2025 at 03:29 PM
-- Server version: 10.11.13-MariaDB-0ubuntu0.24.04.1
-- PHP Version: 8.2.28

SET SQL_MODE = "NO_AUTO_VALUE_ON_ZERO";
START TRANSACTION;
SET time_zone = "+00:00";


/*!40101 SET @OLD_CHARACTER_SET_CLIENT=@@CHARACTER_SET_CLIENT */;
/*!40101 SET @OLD_CHARACTER_SET_RESULTS=@@CHARACTER_SET_RESULTS */;
/*!40101 SET @OLD_COLLATION_CONNECTION=@@COLLATION_CONNECTION */;
/*!40101 SET NAMES utf8mb4 */;

--
-- Database: `chhayaDB`
--

-- --------------------------------------------------------

--
-- Table structure for table `accesstokens`
--

CREATE TABLE `accesstokens` (
  `id` varchar(336) NOT NULL,
  `userId` char(36) NOT NULL,
  `ipAddress` varchar(25) DEFAULT NULL,
  `deviceInfo` varchar(255) DEFAULT NULL,
  `isLoggedIn` tinyint(1) DEFAULT NULL,
  `createdAt` datetime DEFAULT NULL,
  `lastAccess` datetime DEFAULT NULL,
  `expiredAt` datetime NOT NULL
) ENGINE=InnoDB DEFAULT CHARSET=utf8mb4 COLLATE=utf8mb4_general_ci;

-- --------------------------------------------------------

--
-- Table structure for table `categories`
--

CREATE TABLE `categories` (
  `id` int(11) NOT NULL,
  `identifier` varchar(255) NOT NULL,
  `parentId` int(11) DEFAULT NULL,
  `categoryName` varchar(255) NOT NULL,
  `categoryDescription` text DEFAULT NULL,
  `imageUrl` varchar(255) DEFAULT NULL,
  `categoryType` enum('post','product','course') NOT NULL DEFAULT 'post',
  `createdAt` timestamp NULL DEFAULT current_timestamp(),
  `updatedAt` timestamp NULL DEFAULT current_timestamp() ON UPDATE current_timestamp(),
  `createdBy` varchar(255) DEFAULT NULL,
  `status` enum('active','inactive') DEFAULT 'active',
  `deleted` tinyint(1) DEFAULT 0
) ENGINE=InnoDB DEFAULT CHARSET=utf8mb4 COLLATE=utf8mb4_general_ci;

--
-- Dumping data for table `categories`
--

INSERT INTO `categories` (`id`, `identifier`, `parentId`, `categoryName`, `categoryDescription`, `imageUrl`, `categoryType`, `createdAt`, `updatedAt`, `createdBy`, `status`, `deleted`) VALUES
(1, 'electronics', NULL, 'Electronics', 'All electronic gadgets and accessories', 'https://images.unsplash.com/photo-1550751827-4bd374c3f58b?q=80&w=600&auto=format&fit=crop&ixlib=rb-4.0.3&ixid=M3wxMjA3fDB8MHxwaG90by1wYWdlfHx8fGVufDB8fHx8fA%3D%3D', 'product', '2025-03-07 10:18:55', '2025-04-25 05:09:54', '7c24c913-4af7-4922-87ac-0ac33c6f0d91', 'inactive', 0),
(2, 'mobile', 1, 'Mobile', 'Smartphones and accessories', 'https://images.unsplash.com/photo-1480694313141-fce5e697ee25?q=80&w=600&auto=format&fit=crop&ixlib=rb-4.0.3&ixid=M3wxMjA3fDB8MHxwaG90by1wYWdlfHx8fGVufDB8fHx8fA%3D%3D', 'product', '2025-03-07 10:18:55', '2025-04-08 08:52:09', '7c24c913-4af7-4922-87ac-0ac33c6f0d91', 'active', 0),
(3, 'laptops', 1, 'Laptops', 'Laptops and accessories', 'https://images.unsplash.com/photo-1611078489935-0cb964de46d6?q=80&w=600&auto=format&fit=crop&ixlib=rb-4.0.3&ixid=M3wxMjA3fDB8MHxwaG90by1wYWdlfHx8fGVufDB8fHx8fA%3D%3D', 'product', '2025-03-07 10:18:55', '2025-04-08 08:56:40', '7c24c913-4af7-4922-87ac-0ac33c6f0d91', 'active', 0),
(4, 'headphones', 1, 'Headphones', 'Headphones and earphones', 'https://images.unsplash.com/photo-1611078489935-0cb964de46d6?q=80&w=600&auto=format&fit=crop&ixlib=rb-4.0.3&ixid=M3wxMjA3fDB8MHxwaG90by1wYWdlfHx8fGVufDB8fHx8fA%3D%3D', 'product', '2025-03-07 10:18:55', '2025-04-08 08:56:47', '7c24c913-4af7-4922-87ac-0ac33c6f0d91', 'active', 0),
(5, 'cameras', 1, 'Cameras', 'Digital and action cameras', 'https://images.unsplash.com/photo-1611078489935-0cb964de46d6?q=80&w=600&auto=format&fit=crop&ixlib=rb-4.0.3&ixid=M3wxMjA3fDB8MHxwaG90by1wYWdlfHx8fGVufDB8fHx8fA%3D%3D', 'product', '2025-03-07 10:18:55', '2025-04-08 08:56:55', '7c24c913-4af7-4922-87ac-0ac33c6f0d91', 'active', 0),
(6, 'samsung', 2, 'Samsung', 'Samsung smartphones and accessories', 'https://images.unsplash.com/photo-1611078489935-0cb964de46d6?q=80&w=600&auto=format&fit=crop&ixlib=rb-4.0.3&ixid=M3wxMjA3fDB8MHxwaG90by1wYWdlfHx8fGVufDB8fHx8fA%3D%3D', 'product', '2025-03-07 10:18:55', '2025-04-08 08:57:02', '7c24c913-4af7-4922-87ac-0ac33c6f0d91', 'active', 0),
(7, 'apple', 2, 'Apple', 'Apple smartphones and accessories', 'https://images.unsplash.com/photo-1611078489935-0cb964de46d6?q=80&w=600&auto=format&fit=crop&ixlib=rb-4.0.3&ixid=M3wxMjA3fDB8MHxwaG90by1wYWdlfHx8fGVufDB8fHx8fA%3D%3D', 'product', '2025-03-07 10:18:55', '2025-04-25 05:10:40', '7c24c913-4af7-4922-87ac-0ac33c6f0d91', 'inactive', 0),
(8, 'gaming-laptops', 3, 'Gaming Laptops', 'High performance laptops for gaming', 'https://images.unsplash.com/photo-1611078489935-0cb964de46d6?q=80&w=600&auto=format&fit=crop&ixlib=rb-4.0.3&ixid=M3wxMjA3fDB8MHxwaG90by1wYWdlfHx8fGVufDB8fHx8fA%3D%3D', 'product', '2025-03-07 10:18:55', '2025-04-08 08:56:28', '7c24c913-4af7-4922-87ac-0ac33c6f0d91', 'active', 0),
(9, 'macbooks', 3, 'MacBooks', 'Apple MacBook series', 'https://images.unsplash.com/photo-1611078489935-0cb964de46d6?q=80&w=600&auto=format&fit=crop&ixlib=rb-4.0.3&ixid=M3wxMjA3fDB8MHxwaG90by1wYWdlfHx8fGVufDB8fHx8fA%3D%3D', 'product', '2025-03-07 10:18:55', '2025-04-08 08:56:09', '7c24c913-4af7-4922-87ac-0ac33c6f0d91', 'active', 0),
(10, 'clothing', NULL, 'Clothing', 'Clothes for men and women', 'https://images.unsplash.com/photo-1611078489935-0cb964de46d6?q=80&w=600&auto=format&fit=crop&ixlib=rb-4.0.3&ixid=M3wxMjA3fDB8MHxwaG90by1wYWdlfHx8fGVufDB8fHx8fA%3D%3D', 'product', '2025-03-07 10:18:55', '2025-04-08 08:55:56', '7c24c913-4af7-4922-87ac-0ac33c6f0d91', 'active', 0),
(11, 't-shirts', 9, 'T-Shirts', 'Casual and graphic t-shirts', 'https://images.unsplash.com/photo-1611078489935-0cb964de46d6?q=80&w=600&auto=format&fit=crop&ixlib=rb-4.0.3&ixid=M3wxMjA3fDB8MHxwaG90by1wYWdlfHx8fGVufDB8fHx8fA%3D%3D', 'product', '2025-03-07 10:18:55', '2025-04-08 08:55:48', '7c24c913-4af7-4922-87ac-0ac33c6f0d91', 'active', 0),
(12, 'dresses', 9, 'Dresses', 'Women dresses for all seasons', 'https://images.unsplash.com/photo-1611078489935-0cb964de46d6?q=80&w=600&auto=format&fit=crop&ixlib=rb-4.0.3&ixid=M3wxMjA3fDB8MHxwaG90by1wYWdlfHx8fGVufDB8fHx8fA%3D%3D', 'product', '2025-03-07 10:18:55', '2025-04-08 08:54:58', '7c24c913-4af7-4922-87ac-0ac33c6f0d91', 'active', 0),
(13, 'furniture', NULL, 'Furniture', 'Furniture for home and office', 'https://images.unsplash.com/photo-1611078489935-0cb964de46d6?q=80&w=600&auto=format&fit=crop&ixlib=rb-4.0.3&ixid=M3wxMjA3fDB8MHxwaG90by1wYWdlfHx8fGVufDB8fHx8fA%3D%3D', 'product', '2025-03-07 10:18:55', '2025-04-08 08:54:49', '7c24c913-4af7-4922-87ac-0ac33c6f0d91', 'active', 0),
(14, 'office-chairs', 11, 'Office Chairs', 'Ergonomic office chairs', 'https://images.unsplash.com/photo-1611078489935-0cb964de46d6?q=80&w=600&auto=format&fit=crop&ixlib=rb-4.0.3&ixid=M3wxMjA3fDB8MHxwaG90by1wYWdlfHx8fGVufDB8fHx8fA%3D%3D', 'product', '2025-03-07 10:18:55', '2025-04-08 08:54:27', '7c24c913-4af7-4922-87ac-0ac33c6f0d91', 'active', 0),
(16, 'beauty', NULL, 'Beauty', 'Beauty and skincare products', 'https://images.unsplash.com/photo-1611078489935-0cb964de46d6?q=80&w=600&auto=format&fit=crop&ixlib=rb-4.0.3&ixid=M3wxMjA3fDB8MHxwaG90by1wYWdlfHx8fGVufDB8fHx8fA%3D%3D', 'product', '2025-03-07 10:18:55', '2025-04-08 08:54:05', '7c24c913-4af7-4922-87ac-0ac33c6f0d91', 'active', 0),
(17, 'skincare', 14, 'Skincare', 'Skin care products and cosmetics', 'https://images.unsplash.com/photo-1611078489935-0cb964de46d6?q=80&w=600&auto=format&fit=crop&ixlib=rb-4.0.3&ixid=M3wxMjA3fDB8MHxwaG90by1wYWdlfHx8fGVufDB8fHx8fA%3D%3D', 'product', '2025-03-07 10:18:55', '2025-04-08 08:50:58', '7c24c913-4af7-4922-87ac-0ac33c6f0d91', 'active', 0),
(18, 'makeup', 14, 'Makeup', 'Cosmetic products for makeup', 'https://images.unsplash.com/photo-1611078489935-0cb964de46d6?q=80&w=600&auto=format&fit=crop&ixlib=rb-4.0.3&ixid=M3wxMjA3fDB8MHxwaG90by1wYWdlfHx8fGVufDB8fHx8fA%3D%3D', 'product', '2025-03-07 10:18:55', '2025-04-08 08:50:50', '7c24c913-4af7-4922-87ac-0ac33c6f0d91', 'active', 0),
(20, 'shirt', NULL, 'Shirt', 'Wear', 'https://images.unsplash.com/photo-1603251578711-3290ca1a0187?q=80&w=600&auto=format&fit=crop&ixlib=rb-4.0.3&ixid=M3wxMjA3fDB8MHxwaG90by1wYWdlfHx8fGVufDB8fHx8fA%3D%3D', 'product', '2025-03-11 03:39:01', '2025-04-30 06:34:25', '7c24c913-4af7-4922-87ac-0ac33c6f0d91', 'inactive', 1),
(21, 'blue-shirt', 20, 'Blue Shirt', 'Make A Man A Gentleman', 'https://images.unsplash.com/photo-1603252110971-b8a57087be18?q=80&w=600&auto=format&fit=crop&ixlib=rb-4.0.3&ixid=M3wxMjA3fDB8MHxwaG90by1wYWdlfHx8fGVufDB8fHx8fA%3D%3D', 'product', '2025-03-11 03:40:01', '2025-04-30 06:34:18', '7c24c913-4af7-4922-87ac-0ac33c6f0d91', 'inactive', 1),
(22, 'shoes', NULL, 'Shoes', 'All premium shoes here', 'https://images.unsplash.com/photo-1608231387042-66d1773070a5?q=80&w=600&auto=format&fit=crop&ixlib=rb-4.0.3&ixid=M3wxMjA3fDB8MHxwaG90by1wYWdlfHx8fGVufDB8fHx8fA%3D%3D', 'product', '2025-03-13 21:44:56', '2025-04-08 08:50:36', '7c24c913-4af7-4922-87ac-0ac33c6f0d91', 'active', 0),
(23, 'technology', NULL, 'Technology', 'Latest trends and insights in technology and innovation.', 'https://plus.unsplash.com/premium_photo-1681426687411-21986b0626a8?w=500&auto=format&fit=crop&q=60&ixlib=rb-4.0.3&ixid=M3wxMjA3fDB8MHxzZWFyY2h8OXx8VGVjaG5vbG9neXxlbnwwfHwwfHx8MA%3D%3D', 'post', '2025-03-17 03:22:24', '2025-04-08 08:50:05', '7c24c913-4af7-4922-87ac-0ac33c6f0d91', 'active', 0),
(24, 'health-wellness', NULL, 'Health & Wellness', 'Tips and guides for a healthy lifestyle and mental well-being.', 'https://plus.unsplash.com/premium_photo-1673953509975-576678fa6710?w=500&auto=format&fit=crop&q=60&ixlib=rb-4.0.3&ixid=M3wxMjA3fDB8MHxzZWFyY2h8MXx8aGVhbHRofGVufDB8fDB8fHww', 'post', '2025-03-17 03:22:24', '2025-04-08 06:55:33', '7c24c913-4af7-4922-87ac-0ac33c6f0d91', 'active', 0),
(25, 'travel', 0, 'Travel agency', 'Explore travel destinations, guides, and tips for adventurers.', 'https://images.unsplash.com/photo-1503220317375-aaad61436b1b?w=500&auto=format&fit=crop&q=60&ixlib=rb-4.0.3&ixid=M3wxMjA3fDB8MHxzZWFyY2h8MTR8fHRyYXZlbHxlbnwwfHwwfHx8MA%3D%3D', 'post', '2025-03-17 03:22:24', '2025-04-25 00:56:58', '7c24c913-4af7-4922-87ac-0ac33c6f0d91', 'active', 0),
(26, 'finance', NULL, 'Finance', 'Insights on personal finance, investment, and financial planning.', 'https://plus.unsplash.com/premium_photo-1681487769650-a0c3fbaed85a?w=500&auto=format&fit=crop&q=60&ixlib=rb-4.0.3&ixid=M3wxMjA3fDB8MHxzZWFyY2h8Mnx8RmluYW5jZXxlbnwwfHwwfHx8MA%3D%3D', 'post', '2025-03-17 03:22:24', '2025-04-08 08:53:34', '7c24c913-4af7-4922-87ac-0ac33c6f0d91', 'active', 0),
(27, 'food-recipes', NULL, 'Food & Recipes', 'Delicious recipes, cooking tips, and food culture discussions.', 'https://images.unsplash.com/photo-1504674900247-0877df9cc836?w=500&auto=format&fit=crop&q=60&ixlib=rb-4.0.3&ixid=M3wxMjA3fDB8MHxzZWFyY2h8Nnx8Rm9vZHxlbnwwfHwwfHx8MA%3D%3D', 'product', '2025-03-17 03:22:24', '2025-04-16 11:28:31', '7c24c913-4af7-4922-87ac-0ac33c6f0d91', 'active', 0),
(28, 'marketing', NULL, 'Marketing', 'Strategies and trends in digital marketing and advertising.', 'https://images.unsplash.com/flagged/photo-1556514767-5c270b96a005?w=500&auto=format&fit=crop&q=60&ixlib=rb-4.0.3&ixid=M3wxMjA3fDB8MHxzZWFyY2h8NTR8fG1hcmtldGluZ3xlbnwwfHwwfHx8MA%3D%3D', 'post', '2025-03-17 03:22:24', '2025-04-08 08:53:02', '7c24c913-4af7-4922-87ac-0ac33c6f0d91', 'active', 0),
(29, 'business', 23, 'Business', 'Advice and stories on entrepreneurship, startups, and business growth.', 'https://plus.unsplash.com/premium_photo-1661775522763-451d7783b453?w=500&auto=format&fit=crop&q=60&ixlib=rb-4.0.3&ixid=M3wxMjA3fDB8MHxzZWFyY2h8MTN8fGJ1c2luZXNzfGVufDB8fDB8fHww', 'course', '2025-03-17 03:22:24', '2025-07-03 16:08:11', '7c24c913-4af7-4922-87ac-0ac33c6f0d91', 'active', 0),
(30, 'education', 25, 'Education', 'Resources and insights into learning, teaching, and academic trends.', 'https://plus.unsplash.com/premium_photo-1682125773446-259ce64f9dd7?w=500&auto=format&fit=crop&q=60&ixlib=rb-4.0.3&ixid=M3wxMjA3fDB8MHxzZWFyY2h8MXx8ZWR1Y2F0aW9ufGVufDB8fDB8fHww', 'post', '2025-03-17 03:22:24', '2025-04-08 08:52:30', '7c24c913-4af7-4922-87ac-0ac33c6f0d91', 'active', 0),
(37, 'art-design', 16, 'Art & Design', 'Art & Design', NULL, 'course', '2025-03-26 02:43:07', '2025-07-03 16:09:20', '7c24c913-4af7-4922-87ac-0ac33c6f0d91', 'active', 0),
(40, 'academics', 0, 'Academics', 'Academics', NULL, 'course', '2025-04-24 23:27:01', '2025-07-03 16:08:06', '7c24c913-4af7-4922-87ac-0ac33c6f0d91', 'inactive', 0),
(41, 'development', NULL, 'Development', NULL, NULL, 'course', '2025-07-03 15:53:17', '2025-07-03 15:59:14', '7c24c913-4af7-4922-87ac-0ac33c6f0d91', 'active', 0);

-- --------------------------------------------------------

--
-- Table structure for table `company`
--

CREATE TABLE `company` (
  `id` int(11) NOT NULL,
  `name` varchar(255) NOT NULL,
  `address` text DEFAULT NULL,
  `imageUrl` varchar(255) DEFAULT NULL,
  `createdAt` timestamp NULL DEFAULT current_timestamp(),
  `updatedAt` timestamp NULL DEFAULT current_timestamp() ON UPDATE current_timestamp(),
  `createdBy` varchar(256) NOT NULL,
  `status` enum('active','inactive') DEFAULT 'active',
  `deleted` tinyint(1) DEFAULT 0
) ENGINE=InnoDB DEFAULT CHARSET=utf8mb4 COLLATE=utf8mb4_general_ci;

--
-- Dumping data for table `company`
--

INSERT INTO `company` (`id`, `name`, `address`, `imageUrl`, `createdAt`, `updatedAt`, `createdBy`, `status`, `deleted`) VALUES
(1, 'TechCo', '123 Tech St, Silicon Valley, CA', 'https://images.unsplash.com/photo-1523961131990-5ea7c61b2107?q=80&w=400&auto=format&fit=crop&ixlib=rb-4.0.3&ixid=M3wxMjA3fDB8MHxwaG90by1wYWdlfHx8fGVufDB8fHx8fA%3D%3D', '2025-03-07 10:19:56', '2025-03-26 08:03:54', '7c24c913-4af7-4922-87ac-0ac33c6f0d91', 'active', 0),
(2, 'GadgetWorld', '456 Gadget Rd, New York, NY', 'https://images.unsplash.com/photo-1615655406736-b37c4fabf923?q=80&w=400&auto=format&fit=crop&ixlib=rb-4.0.3&ixid=M3wxMjA3fDB8MHxwaG90by1wYWdlfHx8fGVufDB8fHx8fA%3D%3D', '2025-03-07 10:19:56', '2025-03-26 08:04:03', '7c24c913-4af7-4922-87ac-0ac33c6f0d91', 'active', 0),
(3, 'FashionFrenzy', '789 Fashion Ave, Los Angeles, CA', 'https://images.unsplash.com/photo-1558769132-cb1aea458c5e?q=80&w=400&auto=format&fit=crop&ixlib=rb-4.0.3&ixid=M3wxMjA3fDB8MHxwaG90by1wYWdlfHx8fGVufDB8fHx8fA%3D%3D', '2025-03-07 10:19:56', '2025-03-26 08:04:03', '7c24c913-4af7-4922-87ac-0ac33c6f0d91', 'active', 0),
(6, 'Beauty Co.', '123 Glam Street, Beauty City', 'https://plus.unsplash.com/premium_photo-1684407616442-8d5a1b7c978e?q=80&w=400&auto=format&fit=crop&ixlib=rb-4.0.3&ixid=M3wxMjA3fDB8MHxwaG90by1wYWdlfHx8fGVufDB8fHx8fA%3D%3D', '2025-03-13 04:20:59', '2025-03-26 08:04:03', '7c24c913-4af7-4922-87ac-0ac33c6f0d91', 'active', 0),
(7, 'Home Essentials', '456 Comfort Ave, Home Town', 'https://plus.unsplash.com/premium_photo-1681487759376-eadc88baa36b?q=80&w=400&auto=format&fit=crop&ixlib=rb-4.0.3&ixid=M3wxMjA3fDB8MHxwaG90by1wYWdlfHx8fGVufDB8fHx8fA%3D%3D', '2025-03-13 04:20:59', '2025-03-26 08:04:03', '7c24c913-4af7-4922-87ac-0ac33c6f0d91', 'active', 0),
(8, 'Hello Motto', '99 Hello Street, Norway, ILM', 'https://images.unsplash.com/photo-1511140973288-19bf21d7e771?q=80&w=400&auto=format&fit=crop&ixlib=rb-4.0.3&ixid=M3wxMjA3fDB8MHxwaG90by1wYWdlfHx8fGVufDB8fHx8fA%3D%3D', '2025-03-12 23:07:57', '2025-03-26 08:04:03', '7c24c913-4af7-4922-87ac-0ac33c6f0d91', 'active', 0),
(9, 'Nike Air', '101 Home Blvd, Chicago, IL', NULL, '2025-03-13 21:45:27', '2025-03-26 08:04:03', '7c24c913-4af7-4922-87ac-0ac33c6f0d91', 'active', 0);

-- --------------------------------------------------------

--
-- Table structure for table `courses`
--

CREATE TABLE `courses` (
  `id` bigint(20) NOT NULL,
  `categoryId` int(11) NOT NULL,
  `instructorId` int(11) NOT NULL,
  `identifier` varchar(255) NOT NULL,
  `title` varchar(255) NOT NULL,
  `price` varchar(5) NOT NULL,
  `content` longtext DEFAULT NULL,
  `duration` varchar(255) NOT NULL,
  `language` varchar(255) NOT NULL DEFAULT 'English',
  `certificate` varchar(10) NOT NULL DEFAULT 'yes',
  `rating` varchar(100) NOT NULL,
  `totalLesson` smallint(10) NOT NULL,
  `TotalStudents` smallint(10) NOT NULL,
  `featured` varchar(255) NOT NULL,
  `imageUrl` varchar(255) NOT NULL,
  `status` enum('pending','published','draft','deleted') NOT NULL DEFAULT 'pending',
  `createdAt` datetime DEFAULT current_timestamp(),
  `updatedAt` datetime DEFAULT current_timestamp() ON UPDATE current_timestamp(),
  `createdBy` varchar(255) NOT NULL,
  `deleted` tinyint(1) DEFAULT 0
) ENGINE=InnoDB DEFAULT CHARSET=utf8mb4 COLLATE=utf8mb4_general_ci;

--
-- Dumping data for table `courses`
--

INSERT INTO `courses` (`id`, `categoryId`, `instructorId`, `identifier`, `title`, `price`, `content`, `duration`, `language`, `certificate`, `rating`, `totalLesson`, `TotalStudents`, `featured`, `imageUrl`, `status`, `createdAt`, `updatedAt`, `createdBy`, `deleted`) VALUES
(1, 41, 1, 'major-in-economics', 'Major in Economics', '3000', '<div class=\"course-description\">\n  <h3 style=\"font-weight: bold; color: #000;\">Course Description</h3>\n  <p>\n    Excepteur sint occaecat cupidatat non proident sunt in culpa qui officia deserunt mollit anim id est laborum.\n    Sed ut perspiciatis unde omnis iste natus error sit voluptatem accusantium doloremque laudantium totam rem aperiam.\n  </p>\n\n  <h4 style=\"margin-top: 1em;\">What You’ll Learn?</h4>\n  <ul style=\"list-style-type: \'✔️ \'; padding-left: 1.2em;\">\n    <li>Learn to use Python professionally, learning both Python 2 & Python 3!</li>\n    <li>Build 6 beautiful real-world projects for your portfolio (not boring toy apps)</li>\n    <li>Understand the Theory behind Vue.js and use it in Real Projects</li>\n    <li>Create responsive, accessible, and beautiful layouts</li>\n  </ul>\n\n  <p>\n    Consectetur adipisicing elit, sed do eiusmod tempor incididunt ut labore et dolore magna aliqua.\n    Enim ad minim veniam, quis nostrud exercitation ullamco laboris nisi ut aliquip commodo consequat.\n  </p>\n</div>\nLorem ipsum dolor sit amet, consectetur adipisicing elit, sed do eiusmod tempor inc idid unt ut labore et dolore magna aliqua enim ad minim veniam, quis nostrud exerec tation ullamco laboris nis aliquip commodo consequat duis aute irure dolor in reprehenderit in voluptate velit esse cillum dolore eu fugiat nulla pariatur enim ipsam.\n\nExcepteur sint occaecat cupidatat non proident sunt in culpa qui officia deserunt mollit anim id est laborum. Sed ut perspiciatis unde omnis iste natus error sit voluptatem accusantium doloremque laudantium totam rem aperiam.', '10 Weeks', 'English', 'yes', '3.4', 8, 35, '', 'https://img.freepik.com/free-photo/young-man-writing-notebook-study-session_23-2149285403.jpg', 'published', '2025-07-03 21:51:33', '2025-07-13 19:24:16', '7c24c913-4af7-4922-87ac-0ac33c6f0d91', 0),
(2, 1, 101, 'course-001', 'Web Development', '49.99', '<div class=\"course-description\">\n  <h3 style=\"font-weight: bold; color: #000;\">What This Course Offers</h3>\n  <p>\n    Dive into a structured learning path designed to transform your skillset from beginner to pro. Our course blends\n    theory with hands-on examples and projects.\n  </p>\n\n  <h4>What You’ll Learn?</h4>\n  <ul style=\"list-style-type: \'✔️ \'; padding-left: 1.2em;\">\n    <li>Master the MERN stack from scratch</li>\n    <li>Develop complex apps using React and Node.js</li>\n    <li>Implement real-time features using sockets</li>\n    <li>Understand backend API structuring and deployment</li>\n  </ul>\n\n  <p>\n    We ensure every learner can walk away with job-ready confidence and a strong portfolio.\n  </p>\n</div>\n', '4 weeks', 'English', 'yes', '4.5', 20, 300, 'yes', 'https://img.freepik.com/free-photo/young-man-writing-notebook-study-session_23-2149285403.jpg', 'published', '2025-07-13 10:11:15', '2025-07-13 19:24:34', 'admin', 0),
(3, 2, 102, 'course-002', 'Advanced JavaScript', '59.99', '<div class=\"course-description\">\n  <h3 style=\"font-weight: bold; color: #000;\">Course Description</h3>\n  <p>\n    This course is your gateway to understanding full-stack development. You\'ll explore both front-end and back-end technologies in a project-driven environment.\n  </p>\n\n  <h4>What You’ll Learn?</h4>\n  <ul style=\"list-style-type: \'✔️ \'; padding-left: 1.2em;\">\n    <li>Create fast, dynamic web apps using JavaScript</li>\n    <li>Work with databases and REST APIs</li>\n    <li>Integrate frontend with backend seamlessly</li>\n    <li>Build and deploy on cloud platforms</li>\n  </ul>\n\n  <p>\n    The curriculum is designed by industry experts to align with modern development trends.\n  </p>\n</div>\n', '6 weeks', 'English', 'yes', '4.7', 30, 250, 'yes', 'https://img.freepik.com/free-photo/young-man-writing-notebook-study-session_23-2149285403.jpg', 'published', '2025-07-13 10:11:15', '2025-07-13 19:24:44', 'admin', 0),
(4, 3, 103, 'course-003', 'Python for Data Science', '69.99', '<div class=\"course-description\">\n  <h3 style=\"font-weight: bold; color: #000;\">Master the Fundamentals</h3>\n  <p>\n    Learn programming from scratch. No prior experience needed! This beginner-friendly course takes you step-by-step\n    through the core concepts.\n  </p>\n\n  <h4>What You’ll Learn?</h4>\n  <ul style=\"list-style-type: \'✔️ \'; padding-left: 1.2em;\">\n    <li>Variables, loops, and conditions in Python</li>\n    <li>Basic data structures and algorithms</li>\n    <li>Simple web scraping and automation</li>\n    <li>Handling files and user inputs</li>\n  </ul>\n\n  <p>\n    You’ll leave this course with a solid foundation to build on and confidence to take on more advanced topics.\n  </p>\n</div>\n', '8 weeks', 'English', 'yes', '4.8', 40, 500, 'no', 'https://img.freepik.com/free-photo/young-man-writing-notebook-study-session_23-2149285403.jpg', 'published', '2025-07-13 10:11:15', '2025-07-13 19:25:06', 'admin', 0),
(5, 4, 104, 'course-004', 'Graphic Design Basics', '39.99', '<div class=\"course-description\">\n  <h3 style=\"font-weight: bold; color: #000;\">Why Take This Course?</h3>\n  <p>\n    In today’s digital age, design and user experience define the success of products. This course empowers you to build\n    stunning UI/UX that stands out.\n  </p>\n\n  <h4>What You’ll Learn?</h4>\n  <ul style=\"list-style-type: \'✔️ \'; padding-left: 1.2em;\">\n    <li>Design thinking and prototyping</li>\n    <li>Wireframing with Figma</li>\n    <li>User testing strategies</li>\n    <li>Responsive, mobile-first design</li>\n  </ul>\n\n  <p>\n    By the end, you’ll have the skills to design apps users love.\n  </p>\n</div>\n', '5 weeks', 'English', 'yes', '4.4', 18, 180, 'no', 'https://img.freepik.com/free-photo/young-man-writing-notebook-study-session_23-2149285403.jpg', 'published', '2025-07-13 10:11:15', '2025-07-13 19:25:16', 'admin', 0),
(6, 5, 105, 'course-005', 'React from Zero to Hero', '79.99', '<div class=\"course-description\">\n  <h3 style=\"font-weight: bold; color: #000;\">Get Certified in Data Science</h3>\n  <p>\n    Join thousands of learners and gain the skills to work as a data analyst or data scientist. This course is packed with\n    real-world datasets and assignments.\n  </p>\n\n  <h4>What You’ll Learn?</h4>\n  <ul style=\"list-style-type: \'✔️ \'; padding-left: 1.2em;\">\n    <li>Data cleaning and visualization using Python</li>\n    <li>Data analysis with Pandas and NumPy</li>\n    <li>Basic machine learning workflows</li>\n    <li>Using Jupyter and Google Colab</li>\n  </ul>\n\n  <p>\n    Designed for both beginners and professionals wanting to switch to data.\n  </p>\n</div>\n', '7 weeks', 'English', 'yes', '4.9', 35, 420, 'yes', 'https://img.freepik.com/free-photo/young-man-writing-notebook-study-session_23-2149285403.jpg', 'published', '2025-07-13 10:11:15', '2025-07-13 19:25:26', 'admin', 0),
(7, 6, 106, 'course-006', 'UI/UX Design Principles', '44.99', '<div class=\"course-description\">\n  <h3 style=\"font-weight: bold; color: #000;\">Your First App: From Idea to Launch</h3>\n  <p>\n    Have an app idea? Learn how to plan, design, and deploy it without needing a full dev team. This course guides you\n    through each phase with tools used by pros.\n  </p>\n\n  <h4>What You’ll Learn?</h4>\n  <ul style=\"list-style-type: \'✔️ \'; padding-left: 1.2em;\">\n    <li>Conceptualizing and wireframing an app</li>\n    <li>Building UI with no-code tools</li>\n    <li>Connecting to APIs</li>\n    <li>Publishing on the app store</li>\n  </ul>\n\n  <p>\n    You’ll walk away with a complete project ready to showcase.\n  </p>\n</div>\n', '4 weeks', 'English', 'yes', '4.3', 22, 200, 'no', 'https://img.freepik.com/free-photo/young-man-writing-notebook-study-session_23-2149285403.jpg', 'published', '2025-07-13 10:11:15', '2025-07-13 19:25:34', 'admin', 0),
(8, 7, 107, 'course-007', 'Digital Marketing 101', '29.99', '<div class=\"course-description\">\n  <h3 style=\"font-weight: bold; color: #000;\">Full-Stack Project Bootcamp</h3>\n  <p>\n    Instead of endless tutorials, this course is 100% project-based. You\'ll build real apps while learning modern\n    full-stack technologies.\n  </p>\n\n  <h4>What You’ll Learn?</h4>\n  <ul style=\"list-style-type: \'✔️ \'; padding-left: 1.2em;\">\n    <li>React, Express, MongoDB stack</li>\n    <li>User authentication and JWT</li>\n    <li>CRUD operations with REST APIs</li>\n    <li>Image uploads and deployment</li>\n  </ul>\n\n  <p>\n    Ideal for those who learn best by doing.\n  </p>\n</div>\n', '3 weeks', 'English', 'yes', '4.2', 15, 150, 'no', 'https://img.freepik.com/free-photo/young-man-writing-notebook-study-session_23-2149285403.jpg', 'published', '2025-07-13 10:11:15', '2025-07-13 19:25:45', 'admin', 0),
(9, 8, 108, 'course-008', 'Node.js Crash Course', '54.99', '<div class=\"course-description\">\n  <h3 style=\"font-weight: bold; color: #000;\">Advanced JavaScript Concepts</h3>\n  <p>\n    Go beyond the basics and explore advanced features of JavaScript used in production applications.\n  </p>\n\n  <h4>What You’ll Learn?</h4>\n  <ul style=\"list-style-type: \'✔️ \'; padding-left: 1.2em;\">\n    <li>Closures and lexical scope</li>\n    <li>Prototypes and inheritance</li>\n    <li>Event loop and async patterns</li>\n    <li>Modular code with ES6+</li>\n  </ul>\n\n  <p>\n    Perfect for developers looking to level up their JS skills.\n  </p>\n</div>\n', '5 weeks', 'English', 'yes', '4.6', 25, 320, 'yes', 'https://img.freepik.com/free-photo/young-man-writing-notebook-study-session_23-2149285403.jpg', 'published', '2025-07-13 10:11:15', '2025-07-13 19:25:57', 'admin', 0),
(10, 9, 109, 'course-009', 'Machine Learning Intro', '89.99', 'Get started with ML & AI models.', '6 weeks', 'English', 'yes', '4.8', 28, 390, 'yes', 'https://img.freepik.com/free-photo/young-man-writing-notebook-study-session_23-2149285403.jpg', 'published', '2025-07-13 10:11:15', '2025-07-13 17:38:36', 'admin', 0),
(11, 10, 110, 'course-010', 'Freelancing & Remote Work', '19.99', '<div class=\"course-description\">\n  <h3 style=\"font-weight: bold; color: #000;\">Intro to AI & Machine Learning</h3>\n  <p>\n    This course demystifies the world of AI and gives you hands-on experience with basic machine learning techniques.\n  </p>\n\n  <h4>What You’ll Learn?</h4>\n  <ul style=\"list-style-type: \'✔️ \'; padding-left: 1.2em;\">\n    <li>What is Artificial Intelligence?</li>\n    <li>How ML models are trained</li>\n    <li>Linear regression and classification</li>\n    <li>Working with sklearn and pandas</li>\n  </ul>\n\n  <p>\n    No coding background required—just curiosity.\n  </p>\n</div>\n', '2 weeks', 'English', 'yes', '4.1', 10, 120, 'no', 'https://img.freepik.com/free-photo/young-man-writing-notebook-study-session_23-2149285403.jpg', 'published', '2025-07-13 10:11:15', '2025-07-13 19:26:16', 'admin', 0);

-- --------------------------------------------------------

--
-- Table structure for table `groups`
--

CREATE TABLE `groups` (
  `id` int(11) NOT NULL,
  `name` varchar(255) NOT NULL,
  `createdAt` datetime DEFAULT current_timestamp(),
  `createdBy` varchar(255) NOT NULL,
  `status` tinyint(1) DEFAULT 1,
  `deleted` tinyint(1) DEFAULT 0
) ENGINE=InnoDB DEFAULT CHARSET=utf8mb4 COLLATE=utf8mb4_general_ci;

--
-- Dumping data for table `groups`
--

INSERT INTO `groups` (`id`, `name`, `createdAt`, `createdBy`, `status`, `deleted`) VALUES
(1, 'admin', '2025-02-26 12:40:44', '7c24c913-4af7-4922-87ac-0ac33c6f0d91', 1, 0),
(2, 'account', '2025-02-26 12:42:36', '7c24c913-4af7-4922-87ac-0ac33c6f0d91', 1, 0),
(3, 'vendor', '2025-02-26 12:42:36', '7c24c913-4af7-4922-87ac-0ac33c6f0d91', 1, 0),
(4, 'guest', '2025-02-26 12:42:43', '7c24c913-4af7-4922-87ac-0ac33c6f0d91', 1, 0);

-- --------------------------------------------------------

--
-- Table structure for table `instructors`
--

CREATE TABLE `instructors` (
  `id` bigint(20) NOT NULL,
  `identifier` varchar(255) NOT NULL,
  `name` varchar(255) NOT NULL,
  `designation` varchar(255) NOT NULL,
  `content` longtext DEFAULT NULL,
  `rating` varchar(100) NOT NULL,
  `totalCourse` smallint(10) NOT NULL,
  `featured` varchar(255) NOT NULL,
  `imageUrl` varchar(255) NOT NULL,
  `status` enum('pending','published','draft','deleted') NOT NULL DEFAULT 'pending',
  `createdAt` datetime DEFAULT current_timestamp(),
  `updatedAt` datetime DEFAULT current_timestamp() ON UPDATE current_timestamp(),
  `createdBy` varchar(255) NOT NULL,
  `deleted` tinyint(1) DEFAULT 0
) ENGINE=InnoDB DEFAULT CHARSET=utf8mb4 COLLATE=utf8mb4_general_ci;

--
-- Dumping data for table `instructors`
--

INSERT INTO `instructors` (`id`, `identifier`, `name`, `designation`, `content`, `rating`, `totalCourse`, `featured`, `imageUrl`, `status`, `createdAt`, `updatedAt`, `createdBy`, `deleted`) VALUES
(1, 'penelope-cruz', 'Penelope Cruz', 'Founder & CEO', 'Consectetur adipisicing elit, sed do eiusmod tempor incididunt labore et dolore magna aliqua enim minim veniam quis nostrud exercitation ulla mco laboris nisi ut aliquip ex ea commodo consequat. duis aute irure dolor in reprehenderit in voluptate.', '', 1, '', 'https://img.freepik.com/free-photo/young-man-wearing-blue-outfit-holding-red-folder_1298-179.jpg', 'published', '2025-07-03 22:12:16', '2025-07-13 19:03:06', '', 0),
(2, 'susan-white', 'Susan White', 'Managing Director', 'Consectetur adipisicing elit, sed do eiusmod tempor incididunt labore et dolore magna aliqua enim minim veniam quis nostrud exercitation ulla mco laboris nisi ut aliquip ex ea commodo consequat. duis aute irure dolor in reprehenderit in voluptate.', '', 1, '', 'https://img.freepik.com/free-photo/young-man-wearing-blue-outfit-holding-red-folder_1298-179.jpg', 'published', '2025-07-03 22:17:11', '2025-07-13 19:03:10', '', 0),
(3, 'jane-seymour', 'Jane Seymour', 'Founder & CEO', 'test', '', 3, '', 'https://img.freepik.com/free-photo/young-man-wearing-blue-outfit-holding-red-folder_1298-179.jpg', 'published', '2025-07-12 07:10:55', '2025-07-13 19:03:12', '7c24c913-4af7-4922-87ac-0ac33c6f0d91', 0),
(101, 'instructor-001', 'John Doe', 'Senior Web Developer', 'Expert in HTML, CSS, and JavaScript.', '4.6', 12, 'yes', 'https://img.freepik.com/free-photo/young-man-wearing-blue-outfit-holding-red-folder_1298-179.jpg', 'published', '2025-07-13 10:12:28', '2025-07-13 19:03:13', 'admin', 0),
(102, 'instructor-002', 'Jane Smith', 'JavaScript Engineer', 'Specializes in front-end frameworks like React and Vue.', '4.7', 8, 'yes', 'https://img.freepik.com/free-photo/young-man-wearing-blue-outfit-holding-red-folder_1298-179.jpg', 'published', '2025-07-13 10:12:28', '2025-07-13 19:03:17', 'admin', 0),
(103, 'instructor-003', 'Mohammad Ali', 'Data Scientist', 'Focuses on Python, ML, and data pipelines.', '4.8', 10, 'yes', 'https://img.freepik.com/free-photo/young-man-wearing-blue-outfit-holding-red-folder_1298-179.jpg', 'published', '2025-07-13 10:12:28', '2025-07-13 19:03:25', 'admin', 0),
(104, 'instructor-004', 'Emily Chen', 'Graphic Designer', 'Expert in Adobe Suite and visual branding.', '4.5', 5, 'no', 'https://img.freepik.com/free-photo/young-man-wearing-blue-outfit-holding-red-folder_1298-179.jpg', 'published', '2025-07-13 10:12:28', '2025-07-13 19:03:29', 'admin', 0),
(105, 'instructor-005', 'Robert Lee', 'React Specialist', 'Built 20+ SPAs with React and Next.js.', '4.9', 6, 'yes', 'https://img.freepik.com/free-photo/young-man-wearing-blue-outfit-holding-red-folder_1298-179.jpg', 'published', '2025-07-13 10:12:28', '2025-07-13 19:03:31', 'admin', 0),
(106, 'instructor-006', 'Ayesha Rahman', 'UI/UX Designer', 'Focuses on user-centered digital product design.', '4.3', 7, 'no', 'https://img.freepik.com/free-photo/young-man-wearing-blue-outfit-holding-red-folder_1298-179.jpg', 'published', '2025-07-13 10:12:28', '2025-07-13 19:03:33', 'admin', 0),
(107, 'instructor-007', 'Michael Brown', 'Marketing Strategist', 'Helps businesses grow through digital marketing.', '4.2', 4, 'no', 'https://img.freepik.com/free-photo/young-man-wearing-blue-outfit-holding-red-folder_1298-179.jpg', 'published', '2025-07-13 10:12:28', '2025-07-13 19:03:35', 'admin', 0),
(108, 'instructor-008', 'Tanvir Hossain', 'Backend Developer', 'Node.js, Express, and database design expert.', '4.6', 9, 'yes', 'https://img.freepik.com/free-photo/young-man-wearing-blue-outfit-holding-red-folder_1298-179.jpg', 'published', '2025-07-13 10:12:28', '2025-07-13 19:03:37', 'admin', 0),
(109, 'instructor-009', 'Sara Lopez', 'AI Engineer', 'Teaches machine learning and AI fundamentals.', '4.8', 11, 'yes', 'https://img.freepik.com/free-photo/young-man-wearing-blue-outfit-holding-red-folder_1298-179.jpg', 'published', '2025-07-13 10:12:28', '2025-07-13 19:03:39', 'admin', 0),
(110, 'instructor-010', 'Fahim Khan', 'Freelance Mentor', 'Coaches on freelancing and remote work.', '4.1', 3, 'no', 'https://img.freepik.com/free-photo/young-man-wearing-blue-outfit-holding-red-folder_1298-179.jpg', 'published', '2025-07-13 10:12:28', '2025-07-13 19:03:44', 'admin', 0);

-- --------------------------------------------------------

--
-- Table structure for table `lessons`
--

CREATE TABLE `lessons` (
  `id` int(11) NOT NULL,
  `name` varchar(100) NOT NULL,
  `details` text NOT NULL,
  `identifier` varchar(255) NOT NULL,
  `courseId` int(11) NOT NULL,
  `status` enum('active','inactive') DEFAULT 'active',
  `createdAt` timestamp NULL DEFAULT current_timestamp(),
  `createdBy` varchar(255) NOT NULL,
  `deleted` tinyint(1) NOT NULL DEFAULT 0
) ENGINE=InnoDB DEFAULT CHARSET=utf8mb4 COLLATE=utf8mb4_general_ci;

--
-- Dumping data for table `lessons`
--

INSERT INTO `lessons` (`id`, `name`, `details`, `identifier`, `courseId`, `status`, `createdAt`, `createdBy`, `deleted`) VALUES
(3, 'Introduction', 'This is the starting point of the course. It introduces the learner to the structure, flow, and objectives of the course. You\'ll get an overview of what to expect and how to navigate through the learning materials.', 'introduction', 1, 'active', '2025-07-11 04:06:05', '7c24c913-4af7-4922-87ac-0ac33c6f0d91', 1),
(4, 'Course Overview', 'A comprehensive roadmap of the course. This section outlines each module, expected outcomes, and how they interconnect. It helps students mentally prepare for their learning journey.\n\n', 'course-overview', 1, 'active', '2025-07-11 04:06:52', '7c24c913-4af7-4922-87ac-0ac33c6f0d91', 1),
(5, 'HTML Basics', 'Dive into styling with CSS. This section covers selectors, properties, responsive design, and the visual enhancement of HTML structures.', 'html-basics', 1, 'active', '2025-07-13 04:14:11', '7c24c913-4af7-4922-87ac-0ac33c6f0d91', 0),
(6, 'CSS Fundamentals', 'tart with the basics of JavaScript, including variables, functions, and manipulating the DOM. Build interactive behavior on static web pages.', 'css-fundamentals', 1, 'active', '2025-07-13 04:14:11', '7c24c913-4af7-4922-87ac-0ac33c6f0d91', 0),
(7, 'JavaScript Intro', 'A focused dive into JavaScript functions—understanding scopes, closures, callbacks, and modern ES6+ syntax such as arrow functions and async/await.', 'js-intro', 2, 'active', '2025-07-13 04:14:11', '7c24c913-4af7-4922-87ac-0ac33c6f0d91', 0),
(8, 'Functions in JS', 'Learn how to clean, transform, and analyze data using the Pandas library in Python. Topics include DataFrames, filtering, aggregation, and exporting data.', 'js-functions', 2, 'active', '2025-07-13 04:14:11', '7c24c913-4af7-4922-87ac-0ac33c6f0d91', 0),
(9, 'Data Analysis with Pandas', 'Understand core ML concepts like supervised vs unsupervised learning, models like regression and classification, and introductory tools like scikit-learn.\n\n', 'pandas-data-analysis', 3, 'active', '2025-07-13 04:14:11', '7c24c913-4af7-4922-87ac-0ac33c6f0d91', 0),
(10, 'Machine Learning Basics', 'An overview of the Photoshop interface, tools, panels, and basic workflows. Learn to navigate efficiently for graphic design and image editing.', 'ml-basics', 3, 'active', '2025-07-13 04:14:11', '7c24c913-4af7-4922-87ac-0ac33c6f0d91', 0),
(11, 'Photoshop Interface', 'Learn how to build functional components in React. Understand props, state, and how to break UIs into reusable parts using hooks and JSX.\n\n', 'photoshop-ui', 4, 'active', '2025-07-13 04:14:11', '7c24c913-4af7-4922-87ac-0ac33c6f0d91', 0),
(12, 'React Components', 'Explore various methods to gather user insights, such as interviews, surveys, usability tests, and personas to design user-centered products.', 'react-components', 5, 'active', '2025-07-13 04:14:11', '7c24c913-4af7-4922-87ac-0ac33c6f0d91', 0),
(13, 'UX Research Methods', 'Learn the concept of marketing funnels—how users move from awareness to conversion. Understand strategies to optimize each stage for better ROI.', 'ux-research', 6, 'active', '2025-07-13 04:14:11', '7c24c913-4af7-4922-87ac-0ac33c6f0d91', 0),
(14, 'Marketing Funnels', 'Learn the concept of marketing funnels—how users move from awareness to conversion. Understand strategies to optimize each stage for better ROI.', 'marketing-funnels', 7, 'active', '2025-07-13 04:14:11', '7c24c913-4af7-4922-87ac-0ac33c6f0d91', 0);

-- --------------------------------------------------------

--
-- Table structure for table `modules`
--

CREATE TABLE `modules` (
  `id` int(11) NOT NULL,
  `parentId` int(11) DEFAULT NULL,
  `name` varchar(255) NOT NULL,
  `slug` varchar(255) NOT NULL,
  `icon` varchar(255) NOT NULL,
  `ordering` int(5) NOT NULL DEFAULT 0,
  `createdAt` datetime DEFAULT current_timestamp(),
  `createdBy` varchar(255) NOT NULL,
  `status` tinyint(1) DEFAULT 1,
  `deleted` tinyint(1) DEFAULT 0
) ENGINE=InnoDB DEFAULT CHARSET=utf8mb4 COLLATE=utf8mb4_general_ci;

--
-- Dumping data for table `modules`
--

INSERT INTO `modules` (`id`, `parentId`, `name`, `slug`, `icon`, `ordering`, `createdAt`, `createdBy`, `status`, `deleted`) VALUES
(1, 0, 'users', 'admin/users', 'FaUserGroup', 7, '2025-02-28 15:44:44', '7c24c913-4af7-4922-87ac-0ac33c6f0d91', 1, 0),
(2, 0, 'pages', '', 'RiPagesFill', 5, '2025-02-28 17:46:01', '7c24c913-4af7-4922-87ac-0ac33c6f0d91', 1, 0),
(3, 0, 'permission', 'admin/permission', 'MdVerifiedUser', 9, '2025-03-03 13:45:26', '7c24c913-4af7-4922-87ac-0ac33c6f0d91', 1, 0),
(4, 0, 'posts', '', 'BsFillPostcardFill', 5, '2025-03-03 08:18:30', '7c24c913-4af7-4922-87ac-0ac33c6f0d91', 1, 0),
(6, 0, 'settings', 'admin/settings', 'IoMdSettings', 6, '2025-03-03 08:28:04', '7c24c913-4af7-4922-87ac-0ac33c6f0d91', 1, 0),
(7, 0, 'dashboard', 'admin/dashboard', 'MdDashboard', 1, '2025-03-03 08:30:01', '7c24c913-4af7-4922-87ac-0ac33c6f0d91', 1, 0),
(8, 0, 'products', 'admin/products', 'AiFillProduct', 2, '2025-03-11 09:33:00', '7c24c913-4af7-4922-87ac-0ac33c6f0d91', 1, 0),
(9, 0, 'category', 'admin/category', 'TbCategoryFilled', 4, '2025-03-11 09:33:00', '7c24c913-4af7-4922-87ac-0ac33c6f0d91', 1, 0),
(17, 4, 'All Posts', 'admin/posts', 'MdViewComfy', 1, '2025-05-13 19:09:11', '7c24c913-4af7-4922-87ac-0ac33c6f0d91', 1, 0),
(20, 2, 'Create Page', 'admin/pages/create', 'AiFillPlusCircle', 2, '2025-05-28 10:46:53', '7c24c913-4af7-4922-87ac-0ac33c6f0d91', 1, 0),
(23, 2, 'All pages', 'admin/pages', 'MdViewComfy', 1, '2025-05-13 19:09:11', '7c24c913-4af7-4922-87ac-0ac33c6f0d91', 1, 0),
(24, 4, 'Create Post', 'admin/posts/create', 'AiFillPlusCircle', 2, '2025-05-28 10:46:53', '7c24c913-4af7-4922-87ac-0ac33c6f0d91', 1, 0),
(25, 8, 'Create Product', 'create', 'AiFillPlusCircle', 2, '2025-05-28 10:46:53', '7c24c913-4af7-4922-87ac-0ac33c6f0d91', 1, 0),
(26, 8, 'All products', '', 'MdViewComfy', 1, '2025-05-13 19:09:11', '7c24c913-4af7-4922-87ac-0ac33c6f0d91', 1, 0),
(29, 0, 'courses', '', 'MdViewComfy', 2, '2025-07-07 23:51:16', '7c24c913-4af7-4922-87ac-0ac33c6f0d91', 1, 0),
(30, 29, 'create', 'admin/courses/create', 'AiFillPlusCircle', 1, '2025-07-07 23:53:22', '7c24c913-4af7-4922-87ac-0ac33c6f0d91', 1, 0),
(31, 29, 'All Courses', 'admin/courses', 'MdViewComfy', 0, '2025-07-07 23:57:50', '7c24c913-4af7-4922-87ac-0ac33c6f0d91', 1, 0),
(32, 0, 'students', '', 'MdViewComfy', 3, '2025-07-11 15:22:22', '7c24c913-4af7-4922-87ac-0ac33c6f0d91', 1, 0),
(33, 32, 'All Students', 'admin/students', 'MdViewComfy', 1, '2025-07-11 15:24:46', '7c24c913-4af7-4922-87ac-0ac33c6f0d91', 1, 0),
(37, 32, 'Add Student', 'admin/students/create', 'AiFillPlusCircle', 2, '2025-07-11 15:27:12', '7c24c913-4af7-4922-87ac-0ac33c6f0d91', 1, 0),
(38, 29, 'Lessons', 'admin/courses/lessons', 'MdViewComfy', 3, '2025-07-11 15:35:00', '7c24c913-4af7-4922-87ac-0ac33c6f0d91', 1, 0),
(39, 0, 'Instructors', '', 'MdViewComfy', 3, '2025-07-12 07:20:13', '7c24c913-4af7-4922-87ac-0ac33c6f0d91', 1, 0),
(40, 39, 'All Instructors', 'admin/instructors', 'MdViewComfy', 1, '2025-07-12 07:24:29', '7c24c913-4af7-4922-87ac-0ac33c6f0d91', 1, 0),
(41, 39, 'Add Instructors', 'admin/instructors/create', 'AiFillPlusCircle', 2, '2025-07-12 07:25:38', '7c24c913-4af7-4922-87ac-0ac33c6f0d91', 1, 0);

-- --------------------------------------------------------

--
-- Table structure for table `pages`
--

CREATE TABLE `pages` (
  `id` int(11) NOT NULL,
  `title` varchar(255) NOT NULL,
  `photo` varchar(255) DEFAULT NULL,
  `identifier` varchar(255) NOT NULL,
  `content` longtext DEFAULT NULL,
  `createdAt` datetime DEFAULT current_timestamp(),
  `updatedAt` datetime DEFAULT current_timestamp(),
  `createdBy` varchar(255) NOT NULL,
  `deleted` tinyint(1) NOT NULL DEFAULT 0,
  `status` tinyint(1) DEFAULT 1
) ENGINE=InnoDB DEFAULT CHARSET=utf8mb4 COLLATE=utf8mb4_general_ci;

--
-- Dumping data for table `pages`
--

INSERT INTO `pages` (`id`, `title`, `photo`, `identifier`, `content`, `createdAt`, `updatedAt`, `createdBy`, `deleted`, `status`) VALUES
(1, 'About', '', 'about', '<h2>Our Mission &amp; Vission</h2><p><img src=\"data:image/jpeg;base64,/9j/4AAQSkZJRgABAQEASABIAAD/4gHYSUNDX1BST0ZJTEUAAQEAAAHIAAAAAAQwAABtbnRyUkdCIFhZWiAH4AABAAEAAAAAAABhY3NwAAAAAAAAAAAAAAAAAAAAAAAAAAAAAAAAAAAAAQAA9tYAAQAAAADTLQAAAAAAAAAAAAAAAAAAAAAAAAAAAAAAAAAAAAAAAAAAAAAAAAAAAAAAAAAAAAAAAAAAAAlkZXNjAAAA8AAAACRyWFlaAAABFAAAABRnWFlaAAABKAAAABRiWFlaAAABPAAAABR3dHB0AAABUAAAABRyVFJDAAABZAAAAChnVFJDAAABZAAAAChiVFJDAAABZAAAAChjcHJ0AAABjAAAADxtbHVjAAAAAAAAAAEAAAAMZW5VUwAAAAgAAAAcAHMAUgBHAEJYWVogAAAAAAAAb6IAADj1AAADkFhZWiAAAAAAAABimQAAt4UAABjaWFlaIAAAAAAAACSgAAAPhAAAts9YWVogAAAAAAAA9tYAAQAAAADTLXBhcmEAAAAAAAQAAAACZmYAAPKnAAANWQAAE9AAAApbAAAAAAAAAABtbHVjAAAAAAAAAAEAAAAMZW5VUwAAACAAAAAcAEcAbwBvAGcAbABlACAASQBuAGMALgAgADIAMAAxADb/2wBDAAoHBwgHBgoICAgLCgoLDhgQDg0NDh0VFhEYIx8lJCIfIiEmKzcvJik0KSEiMEExNDk7Pj4+JS5ESUM8SDc9Pjv/2wBDAQoLCw4NDhwQEBw7KCIoOzs7Ozs7Ozs7Ozs7Ozs7Ozs7Ozs7Ozs7Ozs7Ozs7Ozs7Ozs7Ozs7Ozs7Ozs7Ozs7Ozv/wAARCAGzBAADASIAAhEBAxEB/8QAHAABAAIDAQEBAAAAAAAAAAAAAAUGAgMEBwEI/8QAUhAAAgIBAgQCBQcGCgcHAwUAAAECAwQFEQYSITFBURMUImFxMkKBkaGx0RUWI1KSwQczNVNUYnJz4fAkNENVk8LSFyU2Y4Ky8SZWokR1lLPi/8QAGgEBAAIDAQAAAAAAAAAAAAAAAAMEAQIFBv/EADURAQACAgAEAwUGBQUBAAAAAAABAgMRBBIhMQVBURMiMmFxFFKBkaGxFTRC0eEjM0NT8MH/2gAMAwEAAhEDEQA/ALKADpvFAAAAAAAAAAAAAAAAAAAAAAAAAAAAAAAAAAAAAAAAAAAAAAAAAAAAAAAAAAAAAAAAAAAAAAAAAAAAAAAAAAAAAAAAAAAAAAAAAAAAAAAAAAAAAAAAAAAAAAAAAAAAAAAAAAAAAAAAAAAAAAAAAAAAAAAAAAAAAAAAAAAAAAAAAAAAAAAAAAAAAAAAAAAAAAAAAAAAAAAAAAAAAAAAAAAAAAAAAAAAAAAAAAAAAAAAABxarqdOlYjvt6t9IQXeTEzpmtZtPLXu3Zebj4NLtybo1xXm+r+C8SsZ/Gk3JwwKEor/AGlvj8EiA1DUcnUsh3ZE2/1Y+EV5I5StbLM9ndweH0rG8nWf0d9+u6pkN8+bYk+u0Hy/caY6nqEXus7J3/vZficwI9yvxipEaisJXG4l1XHa/wBJdkV82xb7/vLBpvF+NktV5kPQWP566wf4FKBtGS0IcvB4ckdY19Hq0ZKUVKLTT7NH0oOhcQW6ZYqbm7MWXRxb+R71+Be6rYXVRtqmpwkt4yXZlmtotDg8Rw1sFtT29WYANlYAAAAAAAAAAAA34WHbnZEaal3+VLwivMTOuss1rNp5Y7tdNFuRYq6YOc34IncThjdc2Zbt/Ur/AHsl8LAowKfR1R6v5Un3kdJUvmmfhd/h/DaVjeTrP6OOrR8CpbRxov8Atdd/rN3qWL/R6/2UbLLa6lzW2RgvOTSIbQOIYaxZqULHTB4mbPHr5Z7+kjFRal9O/gQ7tPm6MY8dekVh2XaJp9y2dCg/OD2IjN4btqTniz9LFfNl0kWYG1clq+aDLweHJHWuvooEoyhJxlFxku6a2aPhcNU0mrPr5o+zdFdJLx9zKjbVOmyVdkXGcXs0/At0yReHA4rhbcPbr29WIAJFQAAAAAAAAAAAAAAAAAAAAAAAAAAAAAAAAAAAAAAAAAAAAAAAAAAAAAAAAAAAAAAAAAAAAAAAAAAAAAAAAAAAAAAAAAAAAAAAAAAAAAAAAAAAAAAAAAAAAAAAAAAAAAAAB8k1GLlJ7JLds851vU5apqE7d36OPs1ryX+JcOJ8t4ui28r9q1qtfT3+w8/IMtvJ2fDcManJP0WLhunCq0jV9VysKvMnhKlV1WtqHtyabe3wPv51YP8A9raV9U/xGif+C+JPji/++RXCB2XZqmfVqOSrqcDHwoqO3o6N9n7+rZxm7Fw8rNtVWJjW32PtGqDk/sJC3hTiCmv0k9GzVHu2qW9gw+6XrmNp+L6C7Q8HNlzb+lvUubby6M76OJNPvyKqZcL6YozkotpTT69P1itSjKEnGUXGS6NNbNG3B/1/H/vY/egO7ibBo03iPOw8aLjTVZtBN77LZP8AeS3CGqycpaddJtbc1W77ea/ecPGv/jDUv71f+1ERiZEsXLqyI/KrkpI2pbU7QcRijLjmr1IGNdkbaoWRe8ZpST80zIuPKgAAAAAAAAAAFx0fAWDhrdfpZ9Zvb7Ct6Pj+s6nVB9ovmf0FzK2e39LteF4Y65Z+kPk5xrhKc5KMYrdyb6JFTlrWr8T3To4ccMXAhJws1O6O7m/H0UfH4voZcRzt17W6OF8eyUMZw9NqU4dGq/mw3/rPv7idzMzTuHdId1zhj4mNBKMUvDwil4srO0h6uAdHk/SalZl6rc11szMiUvqS2SRCcL8H6BqEtcjkadB+g1W2qpxlJOEFGOyTT95K1fnZxHH1iORHQMKf8XX6JWZE4+ct+kfgQnDGi64563PTOI7KradTtrkrqYzhdJRj7UvFN7+BlhOT4e1vQV6bh3VLcqqPfA1Cxzi15Qn3i/iSmgcRY2u1WQVc8bMx3y5OLatp1S/evecOn8VWY+VPTOJaqtOzK4Ocbuf9BfFd3GT8vFMrPEeo52sZctd4Twr4S0+qSs1FrljfDbrGMX8vbvuNbZS+pcW1aXx1kUZORc8ejCjXDEqi5yuunJSW0V4qK7+8ltfw1fiwz4QcJJLnjJbPZ9t/eiH0/gjTM3Dx9a07Vc6GoXwVn5QVm8p7rxi+nu2LbjY1602GNm5PrV3Jy2Xcihzvz2XY2rblmJhDmxRmxzSVIBlbW6bp1y7wk4v6DEvvIzExOpAAAAAAAAAAAAAAAAAAAAAAAAAAAAAAAAAAAAAAAAAAAAAAAAAAAAAAAAAAAAAAAAAAAAAAAAAAAAAAAAAAAAAAAAAAAAAAAAAAAAAAAAAAAAAAAAAAAAAAAAAAAAAAAAVfjef+j4sNu8pPf6CoFw42rbxMazbtNrfy6FPKuT4no+A/l4/FnC+6umymFs4127c8FJpT27brx2JvSNBoeD+WNauljadF7Vxj/GZEl82C/eQOzab2ey7li0vV8LP02Oh67KUaINvFy4reWPJ+D84sjXkjpur5WsZc8DS5Q0HS6K5XXzxltYq4rq5S7yZswMrS9UzVg6TqWsYOdPpRfbkNxtl4KSXbc5cHTsrhbOtln48svSM2iVFmTirnhKuXaSa7Pfboz7p2JoOh6hDU4at+Up0ScsfEqokpyl83m37bd38DDLUtbw9Xsng8UY8a74twWo01pWwl29tL5S+0iNa0XK0LLjC2UZ12LnoyK3vC2PmmSmPw7JynrPEtjwMSybn6OS2uvbe7UYvr9LI7XtcnrF9UK6lj4WMuTGx4dq4/vb8WBG3XW5F0rrrJWWTe8pye7b97MA009mtmDLD0nRpuzRsSTe79FFbr3I7jj0ip06RiVtbNVR3Xk2tzsLsdnkcvxzr1AAZaAAAAAAAAJrhiG+dZLb5Nff6SzNpLdvb4lX4Zkln2Rfzq396JnVtE0/XMeFGpY8b64S54xba2e23gUs3xvS+Hfy8fiheD5Ryc/XtUsknO/UJ0xk3/ALOv2Ypfb9ZhqkYa1x3haZdJSw9Ox/XZxfWM7HLlgn8OrIbhXgvh3Lt1fFzNPjO7D1CyuKc5Jqt9YePbY+ZHBvDuDx1jYd+nxWDnYbVKc5bK6Mt3138Y/cR+a89GTT7NNe4rObrml8P5V+n6TiTzdUy7XdPEx+rc2lvKb7RXRfgTGkaJp2hY8sfTcZUVzlzSipN7vt4nPpmPod8dRr0+ir2r51ZjjFpys7yTfd/K+0wyqXEPDOqavouVq+uZ1c8zFrd+Ng07Ompx9pp7/KbS2LppOVj52h4d8I1wryMeE1WkkkpRT22+kqXFXB/Cuj8OZeVDTIK/0broXpJbuyXSO3Xr1f2Hbpn8HHDsNKxY5mmxnkRpirZc8lvLbq+/nuZ8hv4Cn6LSczTXPdafnXUVpvryJ7x+x/YWgofAPDejzWVrFeHHmhqF3qk1J7RrXsrbr8S+GJ7kKZrMeTVshectziOzV5qeq5DXhPb6jjOhX4YeQz69rbXrIADZEAAAAAAAAAAAAAAAAAAAAAAAAAAAAAAAAAAAAAAAAAAAAAAAAAAAAAAAAAAAAAAAAAAAAAAAAAAAAAAAAAAAAAAAAAAAAAAAAAAAAAAAAAAAAAAAAAAAAAAAAAAAAAIziHDebo18IrecFzx+K/w3POz1c8/4j0l6bnOdcX6C5uUXt0T8iDLXzdjw3NEbxT9YdWixi+DOI24pyi8bZ7dV7civFm4YrjnaBrel13015OUqHVG6xQUuWTb6vp4mH5i6v/O4H/8AMr/Eru0i9N17VNHb9QzbKU+8U94v4xe6f1Ek+Ote5f0d9FU/GyGNWpP6diK1TSsjSMlY+TKmU3HmXorYzW3xRxmWG7KzcrOud2XkWX2P51knJ/aMJJ52Omt07Y/eSOmcM5+r4vrONPFUOZx2tyIwe69zZI43BOq1ZVNs7sBQhOMpP1yvok/iGXFxokuL9SSSS9L2S/qojdOxXm6hTjJN880nt4Lxf1HdxZk1ZfFOoX0WRsqlb7MovdPZJdH9BN8JaRLHqeffHadi2rT7qPn9JtSvNKtxWaMOObefkskYqMFFLZJbJH0AuPLAAAAAAAAAAA6tNyViahVc/kp7P4PoXY8/LXoOoLKxVRY27als9/FeDK2eu/edjwvPETOKfPrCI1Oz82eL69Xm+XTtUjGjLl4VWR/i5v3PfYmdf0SnX9O9XlY6ba5KzHyIfKpsXaSOzNw8bUcK3Dy6o20XR5ZxkujRVqcnVuCl6tm1X6nosP4rKrXNdjx8px+dFeaKzuNlPFWdosVjcT6dfBw6LPxoOyq1frNJbxfu2IbhjjLS8KWt+jjlZduTqlttNWPjzlKcXGOz7dOz6Mumm8QaRrFalg59F+63cFNcy+KfUhODrcfHlxFZbZXVFazd7UpJL5MDIyw9L1TiDVKNW16hYmNiy58TT+bmal4Tsa6N+S8Dr4u1menacsPC9vU89+hxal33fRy+CW7NObxthyteHodM9Yzuyhj9a4e+U+yRu0HQMmjMnrOtXrJ1S6O3s/xePH9SC+9+I+okdE0uvRdGxdOqe8aK1Hm/Wfi/r3OrIvjj49l0nsoRbNhXuItQUtsKt77Pez9yM0rzW0g4jNGHHNp/BBWTdlkpy+VJtsxAOg8lPUAAAAAAAAAAAAAAAAAAAAAAAAAAAAAAAAAAAAAAAAAAAAAAAAAAAAAAAAAAAAAAAAAAAAAAAAAAAAAAAAAAAAAAAAAAAAAAAAAAAAAAAAAAAAAAAAAAAAAAAAAAAAAAAAOfNw6c/Fnj3x3hJeHdPzR0AMxMxO4edatomTpVr5oudL+Tal0+D8iNPVbK4WwcLIRnF94yW6ZX8/g/EyJOzFsePJ/N23j/AIEFsXo7WDxGsxrL39VKBOX8I6nW/wBEq7l7p7P7TQuGNYb29U2+NkfxIuS3ovxxOGY3zR+aKBYcfgzOsf6e6qpe58zJHK4Tox9OnLElOWVDacJSffbwNox2RW43BExG9uLQOGZ3yhl50eWpdY1PvL4+SLikopKKSS6JLwOHRtQjqenV37+2vZsXlJdzvLFIiI6OHxWXJkyTz+XkAA2VgAAAfHJLu0jX61j/ANIq/bQIiZbQZ+gu5VL0U+V9nyvZmLjKL2kmvigzMTD4AAwGdF9mNdG2qTjOPZowAZiZidwuGm6vTnwUW1C7brB+PwJE8/i5RknBtS8Nu5ZrdUs0vFx68je++a5ppvZpfEqZMWp913+F4/mpPtfLzZahwlw/qk/SZmk41k/1lHlf1rYgtE/g20bEszpahp1F6nlzljJzlLkp2XLF7vvvuT9XEeDNfpOet++O/wBxteu6btv6x/8AjL8CPlvHkuxxOCevPH5urFw8bBpVOJj1UVrtGuKivsNxD3cS4kF+ihOx/UiIzNcy8uLhuqoPwh4/Fma4bSgy8fgxx0nc/JL6trkMeMqMaSla+jku0SrtuTbb3b6tsAt0pFI1Dg8RxF89t2AAbq4AAAAAAAAAAAAAAAAAAAAAAAAAAAAAAAAAAAAAAAAAAAAAAAAAAAAAAAAAAAAAAAAAAAAAAAAAAAAAAAAAAAAAAAAAAAAAAAAAAAAAAAAAAAAAAAAAAABuxcS7MuVVMeaT8fBe9iZ0zWs2nUd2k7sfRs7JW8aXBec/ZLFp+i42DFSklbdt1nJdvgiQK1s/3XZweF9N5Z/CFbhwve17eTWn7k2fZcL2r5GVB+W8Wix/SCL21/Vc/h/D67frKn5Gh5+Om3V6SK8a3uR7TT2fQ9AOLP0rGz4tyjyWeFkV1/xJK5/vKmbwuNbxT+EqYDozcG7Av9FcvfGS7SXuOctRO+sOLas1nltHUAAYAAAAAAfEACubPQuIv1cPOffwjP7v8CxkJxRZgvTJ05Nqja/aqS6y5l47fZ9JXruLNQni101uNUox2lYuspe/3f4kc2ik6dGOHvxNa3jv2n+665OZjYkOfIvhVH+tLbcg8rjPDqbjj02XNeL9lP8AeU2yyy2bnZOU5PvKT3bMSOcs+S7j8Nx1+Odp3J4v1K57Vejoj/Vju/rZHXavqN/SzNukvLm2Rxgjm1p812mDFT4aw+ylKb3nJyb67t7meP1y6d2+lkeu27XU1mzF/wBbp6tfpI9Uuvc1hLPZ+idM6aZjeH6OP3HU0mtmls++5y6Z/JmN/dx+46iO3eWcfwR9HPZp+Hb1njVt/wBk47uHsG3dwU6n/Vl+JKbAzF7R2lrfBiv8VYVq/hm+O7ouhZ/Vl0ZFZGHkYstrqpQ8m10Zej5KMZJxlFST7prclrntHdRy+GYrfBOlS0XFhZfLLv2VGOuZ7+L8EceZkzy8qy+feT7eS8C2ZmlwvwpY1EljxlLmajHoysZul5WC27Ybw8Jx6ompeLTtQ4nh8mHHFIjp3mfn/hyAAmc0AAAAAAAAAAAGnKy6MOl25Fka4dt34lazuLbJScMKpRj+vPq39HgazaI7p8PD5M3wwtYPPLtV1DIe9mVa9+6T2X1I0LIvT6XWL3KTNPax6L0eGW11s9KB59j6zqOM16PKsa/Vk+ZbfSTen8Wxk1XnV8v/AJkO30ozGSJQ5PD8tI3HVZgYVW131xsqmpwkt00ZkihMaAAAAAAAAAAAAAAAAAAAAAAAAAAAAAAAAAAAAAAAAAAAAAAAAAAAAAAAAAAAAAAAAAAAAAAAAAAAAAAAAAAAAAAAAAAAAAAAAAAAAAGVdcrbI1wi5Sk9kl4suWmafXp+MoJb2S6zl5v8CF4axFZkzyZLpV0j8X/n7SzFTPfryu94bw8RX2s957K9qvE91OpT0nR9Mt1LPqUZXJNQrpUuseaT8112NCp47y1vbl6Rp8X4VVTtkvpk9t/oImrQ7dV464kvxNTytOyqJY6jZQ0006l0lF9H2RLLH46w+kc7StRivG2qVM3+zuiF1hcP8UT/AI3i6Uf7vDh+I/N7iaH8XxfbL+3iQY/KXG0Pl8P4E/7GZt96H5V40n8jhzCh/bzd9vqQ6g8LjnFX6DVtLztvDKx5Vv64M+4/FOoYWZTicR6S8F3zVdWTTYrKZSfZN947+8+bcd5a+Xo+An3e07ZL9xBcUcPZuLjYOoarrmTqOQtQojGPKq6oby67QQF9zsKvOxpU2L3xl5PzKVfRPHvnTYtpQezL6V/ibESdeXFdW+SX7ibDfU8rl+JcPFqe0jvH7K+AC28+AAAAaMzMowceV+RNQgvrfuQZiJmdQ2znGuDnOSjGK3bb6JFV1fi7Zyo05LxUrZL/ANv4kRrGvZOq2OG7rx0/ZrX7yLK98vlDt8N4fFfey9Z9GVttl1jstnKc5d5Se7ZiAQurrQDCdsK/lPr5I5p5cn8hJe9gdhg7q495r6zglZOfypNnwzodryql23fwRni5cHmUJKS/SR69OnUjjdh/67R/eR8N/HyMxDFu0v0vp98Y6fRHZ9IJdOp0rIh70R+G/wDQ6fHeCN/0EVu8s4vgr9Idatg/nL6zM4T7GTXyX9RhI7Qc0ciS7pM3wtjPs+vkYGR8lGM4uMoqSa2aa6H0AQeo8Ows3tw3yS/m32fw8iu2Vzqm4WRcZR6NNbNF+OPUNMo1CvayPLYl7M13X4ljHmmOlnK4rw+t/exdJ/RSwb8zCuwb3VdHbyl4SXuNBbid9YcC1ZrOp7gADAAABy6jn1adiu+1+6MfGT8jp7dSia7qMtRz5OMt6am41rw+P0mt7csLfCcP7a+p7R3c2fqF+o5Duvl58sV2ivI5vh1+gypqsvuhVTFzsnJKMY9XJ+4tN9WJwXCNVmPDM1qcVJytjvVj79dkvnS7dSrMvSVrFY1HZFYHCutajT6ajBmqtt1Za1XFr4y2R2y4E1lVRsjLCkptpJZUOrXh37nXxJqudHhzCw8zJsuy87/SspyfaPaEUuyW3XscWfv+Ymk7f0m770a7lv0R2paDquk/67g21R/Xa3g/pXQj/wDPcu2JxBqD4Pqyse1WWadYqMmixKULaX8ltPyfTc4MzSMbXNKt1rRcadE6euXiKLajv86D8V7vAzv1Y0h9J1e/S7/ZblVJ+3X4fH4l6xsirLx4X0y5oTW6Z5t/nuTvC+pPHyvVLH+jua2flL/Emx21OpczjuFi9ZyV7wuIAJ3BAAAAAAAAAAAAAAAAAAAAAAAAAAAAAAAAAAAAAAAAAAAAAAAAAAAAAAAAAAAAAAAAAAAAAAAAAAAAAAAAAAAAAAAAAAAAAAAAAABbeH6lXpUJJLecm9149diTOHRWnpGPt16P72dxzr/FL13DxEYaRHpChVa3do3HXEln5KysvGnLH9JbjRUnU1X03j3a6/YWHB414dz3y1apTXYu9d+9Ul8VLY5OH/8AxxxV/bxf/wConM7SNN1KO2bg4+Rv03srTf1idJnTXbXbBTqnGcX2lF7oyclFbtpLzZWrP4POFpzc1pirk/Gq2cPuZ8j/AAd8Mb72afK5+d19k/vZjodXdqHF3D+mb+tatjRku8Iz55fVHdlU4o4ks1rFwoY2kZteH6/Q3l5EPRxb5uiUX1e5c9P0DSNKS9R03Hoa6KUK1zfX3Ijj7po+F/8AuOP/AO4zGtiznFrFXpdKvW2/LHm+rqdpzak0tMyd/wCakvsFfihHmiJx2ifSVIAB0XjwAyqqndbGuuLlKT2SQIjfSGzExbczIjTUt5S8fJeZVOPtC1PBy1kWTldiJbRcV0h/8+Z6zpmnQ0/HUV7Vkus5ebNudg4+oYs8fIrU4TWz3RUvl3OvJ6HhuCnFXn/q/wDdP8vzeCz8YcH5HD+VK6qLnhzfSS+Z7vgVS22NUevd9ka6Xq2i0MpSjCPNJ7I5bcqUukPZXn4mqdkrHvJmKTk0km2+iSGmw3ufYQnZNQhFyk+yit2yy6LwVlZyhfnN49DW/L8+S/d9Jd9O0jB0uHLiY8YPbZz7yf0slrjmVDPx+PH0jrKg6fwZqualO2EcWt+Nr6/V+OxPYnAGFXs8vJtul4qG0Y/iW0EsY6w5eTj81+06+iGp4T0ShJLCjNrxm3I64aLpdclKGnYqknumqY7p/UdwNtQqzmyW72ltjl5MIqMMi2KS2SU3sjbDVM2HbIlL+0kzlAmsT5Fc2Sva0pOrXciHSyuE15x6NHdRrWLd7Nm9TfT2u31lePhHOKsrWPxDPTz39VxhONkVOElOL7NMyKjRk3Y0uaqxx93gyYw9bhY1DJSg385dv8CC2GY7Org8Rx5Oluk/om4Xyj0fVHRGUZreLOGLTimmmvB777mUZOL3T2ZC6TtDMKrVZ7n5EfrmuYuh4M775rm29mPi2IiZnTW1orG5aeKNQ0/A0uc85rfZ8iXff3FN0/UaNSxldS+3SUX3iyn67ruVr2bLIvm+Xf2YeRz6bqNum5Sure6+fDwkvIs0tydHM4nhZzxz9reX+XoYNGJl1ZuNDIplvGS+p+TN5ZcCYmJ1IAAwj9cyniaRfNfKkuRfT0+7coBceLp8um1w3+VZ280l/wDBT9/eV8k9Xf8ADqxGHfrKx8O8uk6Tm8QyindU1Rhp+Fkk95fQjLSOJdQzcvG07UKqdUqutjWllw55R3aXSXdP6TtehZup8FaNDCdKTsuts9JbGG75kl379mOHuD9UxeIMLIteLyV3KUuXIg3t8EyHo6bLiHO4XztdyY5tOoVWUy9DGzHnGUWo9F7LXTsbsunhj80dPjZl6j6qr7XU41Q52+m6fhsRufwbq+RqGTdF4nLZbOS3yYb7Nt+ZJZnCup2cI6dhReN6Wq+2Ut8iCjs9ttnv17GOgy4azOHlkZWm6bg33PJonvLMsTjNxTlFOK2XdEF+eerRz6L4WQooonvHEojyVNeKcV3+kmOFuFNTwOIcXJueN6OLkpcmRFvrFrsmRdvBGsO2bTxNnJv/AFqH4meh1cvFOBRhatG3E3WLm1RyaV+rGW/T6HuiHrnKuyNkHtKLTTXhsWribTsjA4X0WGW63bXK2v8ARzUltzbrqviVP6DMMTD0nDvWTh03p7qyCl9huI3h6bnomO292k19TZJFyJ3DyOWvLe1fSQAGWgAAAAAAAAAAAAAAAAAAAAAAAAAAAAAAAAAAAAAAAAAAAAAAAAAAAAAAAAAAAAAAAAAAAAAAAAAAAAAAAAAAAAAAAAAAAAAAAC08N3KenOvfrXN/aS5UNDzVh5yU3tXb7Mn5eRbyjmrqz0/AZYyYIjzjooVeHrV3HfEV+i6jVjzqePz03V81d29fi+622fVeZKriPX8D2NX4Yvkl3vwLFdCXv5flL4GGiX01cf8AEtNlsIW2+rShCUtnNKt77J9y1mkyuwrMf4QuHUv9JvycSXjG/Esi18dotHyX8I3C+7VWfZfJfNpxrJf8pZnCEu8YvfzR8jXCL9mEV8EY6Cs/nZqmdutG4Yzbk+1uU1jw+PXq/oITifD4jliYWbrOpUKHr9CjhYtXsJuXdzfV7dT0MqnH2RT+TsHH9NX6eeoUONfMuZ7S6vbuzMT1Fr8CN169VaXYt1vY1FfvJLwKtxFm+nzFRB+xT0fvZtirzWhU43LGPBPrPREAAvvLBZ9A0z0FKyrV+ksXspr5KInRdP8AXctSmt6q+s9/H3Fv2W22xWzX/ph2fDeG3/q2/AAMZyUItv4FV3HNqWNj5mJLHyK1ZGa22aPDeNuDMjQcqWVQnZhze++3yP8AA9wlJylu+py6jRjZGFbXlxi6XF77rckrOuiHJXXvx3fnHFxb83Ihj41UrLJvZRR6JoHCmNpUY35Cjfld+ZrpB+78SR03Q8DSJ3SxK3vZJvml3S8EvJEgW6011lwuK46cnu06QAAkc0AAAAAAAAAAAAAdmDqVuHLZtzqfeL8PgWGi+vJqVlUk0119zKkb8TMtw7Oet7p94vsyHJii3WO7o8Jx1sXu361/ZNa3rmJoWDPKybVFxXSO/Vs8d1bifI4kzp3XTkoxb5K2/DzOfjPVdU1DWbK9QUq41v2K9+m3n7yvwnKElKL2aIdcvR26+/q8/h/71Tfx7j4GrHuV9Slvs/FeRs394SJjh/WHp+T6G1v1e19d38l+Zdu/VHmRc+GdT9bw3jWS3tp833j4E2O3lLj+IcP09rX8U2ACZx0HxZBy0qMk/k2r7mimbl9123FWmX05F0YOcdopvrv3XT6Ch+77Cvk7u/4dMzh1PqsWUvXuA8K2C3enZVlc1v2U9mvtRH8N3+rcSadd22yILffzex0cNalj419+n58msDPr9Hc9t+R/NmvgyUzMLROEciEMjHyNUzko2RlJ+ioXimtusiH5Okr+uY/q2u51HLtyXzSW3vJPUE1wHpXTosm/6OxNcT8U6lh5OPk6dHGoozqI3KcKIuUm1tJSk99+q+4xy+LNZr4S07NWUnddfbGcpVxaaW23TbYdWULwTBfnPTa3sqK7LX7kosgbJuycpvvJ7svek8Rueh6lqmqadhyUYrGjKmr0U7XP5UW17l5HJg6Jw7n1PWab8rHwcSSlk0ZMd2/KMJLvuNmnBxClh6Foemv5aplkzS8PSS6fYiuf56HdrOqWaxql+dYtvSS9mG3SMV0ivoRz41EsnKroim3OSil8TaGszEdZXjQa3VouMmurjzfW9yRMKq1TTCqPyYRUV9BmW4jUPJZLc15t6gAMtAAAAAAAAAAAAAAAAAAAAAAAAAAAAAAAAAAAAAAAAAAAAAAAAAAAAAAAAAAAAAAAAAAAAAAAAAAAAAAAAAAAAAAAAAAAAAAAAAs2h6ur644t8trY9Iyfzl+JWQm4tNNprqmvA0vSLxqVjh+ItgvzQtmscNaPrqT1DChZZFbRtTcbI/CS6kWuGNc0/f8AI/E98a/CjOqV8fhzdJI2adxFKtKrMTlFdrF3Xx8yex8zHyo81F0ZryT6r6Cnalq93pMPE4s0e7PX081d9Px1jraWFpGZt4wtnW39aPjzOO7ntDStLx15zyJT2+pFpBptYVf8g8T5/wDKXE3q9b706fQodP7ct2d2lcIaLpFqyKcX0uV3eTkSdljfnu+30Etfk040Oe6yMF72QWocR7qVeHHo1t6SS+5G9a2t2QZuIxYY3ef7u3WNXjgw9FU1K+S/Z+JFrOwNRW2fT6G1/wC2r/eiIlKU5OU5OUn1bb3bPhariiI+bgZeOvkvuY6ekpHK0a+qHpseSyaX2lX1f1Eds99tnv22N+LnZOHLmotcfOPg/oJvTrsXV8lStxFDIrXO5wXsy227mZtasderWmLFntEUnln0n/5P90jpOGsLAhBr9JL2p/E7egBRmdzuXpqUilYrHaA5bbOefTsuxtvm4w2T6s5t/HwMNzt1b6Fc1XO9at9HW9qodOniyR1jM9BR6GD9uzdPr2XiV8tYaf1S4niXE/8AFX8QhOJNYyNJhj+rxg5WuW7kt+234k2VXjj5GF8Z/wDKT3nVXP4Olb561tG4/wAOH88tT/m8b9h/iPzy1P8Am8b9h/iRdMV6JbpGfLH9VfUdHF4XkyUi/P3j0eg+x4Puwkfzy1P+bxv2H+I/PLU/5vH/AGH+JHcsf1V9Q5Y/qr6iT+EZf+z9D7Hg+7CQXGWppbcmO/e4P8T7+eWp/wA3jfsP8SO5Y/qr6hyx/VX1D+EZf+z9D7Hg+7CR/PLU/wCbxv2H+I/PLU/5vG/Yf4kdyx/VX1Dlj+qvqH8Iy/8AZ+h9jwfdhI/nlqf83jfsP8R+eWp/zeP+w/xI7lj+qvqHLH9VfUP4Rl/7P0PseD7sJH88tT/m8b9h/iPzy1P+bxv2H+JHcsf1V9RpyElFbLYg4jw3JhxTkm+9H2PB92F70DU7tUwHffGEZqbj7PbwJQr/AAb/ACRP+9f3IsBRrO6w85xNYrmtEdkLxNoUdZwHyJLJqTdUn4/1fpPMLITqslXZFxnBuMotdU14HtJQ+ONF9BfHVKIbQse123hLwf0mmSvmv+H8RqfZW/BVsa90WqXzX0kvNEsnzJNddyE69iQwLuat1y7x7P3EDtuzvv7zp03Mlg59WRF9Iv2l5x8Tl382fftY7NbVi0TEvRbtRxMfHjfdfCEJpOLb+Vv5LxIp6rqOqvk0vHdNW+zyLF9y7HFwzhYmdGduSpXW0ySjGb3io7dOn1lqSUUopJJdEkWY3aNvO5K4+HtNdbmPXt+XmisPQKaZ+ny5vLyH1crOyfuRCcS6U8bI9aphtTa/aUV0i/8AEuJhdTXfVKq2KlCS2aYmkTGmuLi8lMnPadvM/wDO5PadxDTLBjpmt4zzcKL/AEUlLazH/svy9xp1fQL9PlK2lSsx/wBbfrH4kR49X1K8xrpL0WPJXJXmrPRebdM03WOGK8DTdYoyL8W1zxoXv0VkYS+VBp+/yPmXwvqNvCmn4KljRuovtlPmyIpJSa2e+5Rtv/ky5nsk5Npdlua6SbXjOr4d07Q8LTcvUlkLHbtux8N7yutfnPskl08yt6zr12qxrx6qo4uBT0pxa/kw978372RX7vpPn1CINvv+fcWnhbS3XH1+6Ozktq15LxZzaLw5O+UcnMi41d4wfeXx9xbUlFKMVsl0SXgT0p5y4/HcXGvZ0n6voAJnGAAAAAAAAAAAAAAAAAAAAAAAAAAAAAAAAAAAAAAAAAAAAAAAAAAAAAAAAAAAAAAAAAAAAAAAAAAAAAAAAAAAAAAAAAAAAAAAAAAAAAAJtPdNp+aAA6IahmQW0cm1f+pn2epZs01LKt6/1tjmBjlj0Se1ya1zT+b7KUpScpNtvu2z4AZRgAAFp4bxvRYDva9q2X2L/LKsk29l1bL3i0rHxaql8yKRBnnVdOr4Xj5sk39P/raAY2S5a2ym9A5rZ81j+pGtyUVzPokt2/I+/QcOrZDowJbbqVnsrb39zasbnSPJeMdJvPkgczJll5U7X2b2ivJI0gHRiNRp5C1ptabT3kKrxx8jC+M/+UtRVOOPkYXxn/ymmT4ZWuB/mK/j+yvU/wAUjYa6f4qJsPX8L/sU+kfs9RAC9cO8H6bTo8dc4jtUceSU66nLZcr7NtPd77rZf/B0xz/4PtVfq08L1JuLUbnDk2b96b6/FFa3iFeaYpSbRHeYhl54CZ0nTcTO4ux8DHm78OWRsnYtnOC6vs/JP/A3ca6LHROIba6YqOPevS1RXzU+6+h7lmOIp7WMXnMbEAC5cGcLV6tpepZuRSp/opVY3M+inyvr8V08PEi+DdBp4g1tY+TKSx6oOyxRezls0kt/Dv8AYaTxmKPab/o7iBB6Hdm8BRzLdKyNLePGmcq3fyvpJNp9U+bv+4oWX6v63b6pz+r879H6T5XL4bmeH4ic290mv1Gk05PyUbjTk/JRH4j/ACt//ebE9lu4N/kef96/uRYCv8G/yRP+9f3IsB5enww8pxf+/b6hzahhV6hg3Ylq9m2O3w8n9Hc6QbK8TMTuHjORj2YuRZRauWyqTjJe9Hyiz0N0Z79n1LFxzgLG1lZMVtHJhzP+0uj/AHFaKkxqdPV4cntMcX9U54ePYf56GjDs9Jjx3fVdO5u/zuYSJXhzL9V1auLfsXLkfX6vtL0eZ1zdVsbI7pwkmtvNHpFFquortW204p9CfFPTTieJ49Wi/q2AAlcp8aT6NbkRncNYOW3OClTN+MX0f0EwDExE90mPLfHO6TpT7uEc2DbqtqsXv9lmj819T7ejh+2i7g09nVcjxHNHoqOPwhkyaeRfXBeKju2TeBoWFgNTjB2Wrr6SfV7kmDaKRCHLxebJGpno+H0A2VQAAAAAAAAAAAAAAAAAAAAAAAAAAAAAAAAAAAAAAAAAAAAAAAAAAAAAAAAAAAAAAAAAAAAAAAAAAAAAAAAAAAAAAAAAAAAAAAAAAAAAAAAAAAAAAAAAAdWmV+m1KiD8Zp/V1Lt4lT4drU9VjJ/MhJr7v3lsKeefe09D4XXWGZ9ZDTkvZKPmbjmyHvYl5IgdRq7kHr9u9tVK8FzMm+nw6lb1efPqVi/VSj/n6yfDG7Od4lflwa9ZcQALjzYVXjj5GF8Z/wDKWoqvHHyML4z/AOU0yfDK5wP8xX8f2V2n+KRsW2636rx2NdP8VE2Hr+F/l6fSP2eoh6V/CFCy3hXTbcRP1KPK5JdEt4rkbW3buvpR5qXPhnjirB016TrWPLJw+Vxg4pNqPjFp90SS1b+D7THLJw8L1ixrbk9HN/ZN7eBzeHvl4Os4Zxzbr0mPP6+jKG/g2xVfxSrX/wDp6ZTXxfs/vLJrlK434euswoKWZgZc64RT6SjzbefjHZ7+7p3ILhXibR9KztVzrqPU5ZCXq9NUHNRXVtJ/HbyRx8E8SV6HrVs8yfJi5UWrWot8rW7i9l18WvpNOIxZr5r561mLViuvn6x8/wAB6Fpl2Jo2dg8L0uL5MSVkn2cpbrquvj7T2968meY152RwtxbkW473lj32VtT6qcd2uu30M6dN4mX57x1zObjXOyXNsuZwg00kl7uh1X69oa45yNUtxnnYV8UlvHZwbik3yvu+j8u+4w8PfBe0WrNuau5+c76x+on65cMcfRcHV6lqcotrolPdePTpNfHr3PPdV067SdUyMC/b0lM+VtPdNd0/qaL1h6xwHomXLU9OV8sjk5Y1RjN8u/fbm6L6yj6zqdmsavkahauWV8t9vJJbJfUkTcBGSuS0Vi0Y9dIt338vkOI05PyUbjTk/JRY8R/lb/8AvNiey3cG/wAkT/vX9yLAV/g3+SJ/3r+5FgPMU+GHk+L/AN+31AAbK6s8d4vptEjeu9Fif0Pp+B52er8R0+n4ezo+KplJfR1/ceUEGSOrv+G23hmPSXbp0/anBfFHd/nqRmDLlyUvNNEp93gROi+fvL3w5b6XRKN+8d4v6/w2KJ9pb+ELG8G6rwhZuvpSJMfxOf4jXeHfpKwAAsPPgAAAAAAAAAAAAAAAAAAAAAAAAAAAAAAAAAAAAAAAAAAAAAAAAAAAAAAAAAAAAAAAAAAAAAAAAAAAAAAAAAAAAAAAAAAAAAAAAAAAAAAAAAAAAAAAAAAAAAAAAAAAACZ4YW+bY/Kv95Z9zzXO4nv4YhG+imNrufI+bw8Ti/7W9Q/oNf7RUy13Z6HgLzXBEanz9P7vVzlv62vqeZf9reof0Gv9r/A5bv4XsxWSUtNqfh8vuRcnzX/aT92f0/u9TKrqH8oX/wBsqf8A2wZn+7av22TmFqL1fDq1CUIweRHncYvdR9xPhrqZcvxO0zjr011dAALLhhVeOPkYXxn/AMpaiqccfIwvjP8A5TTJ8MrnA/zFfx/ZXqf4qJsNFd0Y1pPujL1iHvPS8NxnD1w0ibxvUPURLaDV6xD3j1iHvJ/tvDffg3DaDV6xD3j1iHvH23hvvwbhtBq9Yh7x6xD3j7bw334Nw2g1esQ949Yh7x9t4b78G4bTTk/JR99PD3mu6yM4rYp8dxWC/DWrW0TP+SZ6Ljwb/JE/71/ciwFf4N/kif8Aev7kWA4FPhh5Ti/9+31AAbKzm1GLnpuTBLdypmtvPozx49qVCyWqJNpW+w2vDfoaV/BToSXyrn/63v8AeQZdbjbs+GzMVtqNvIMVtZNfxJb6D0uv+CrQ1ZFqVye66qb7nZ/2W6Vv/H3ftEO49XV5rfdn9P7vKWWfg19MqPk4/vLh/wBlulfz93TyZqu4VxOGtpY1k5O/pJSfl/8AJvjmOaOqnxs2nBbcenp6/VrABaedAAAAAAAAAAAAAAAAAAAAAAAAAAAAAAAAAAAAAAAAAAAAAAAAAAAAAAAAAAAAAAAAAAAAAAAAAAAAAAAAAAAAAAAAAAAAAAAAAAAAAAAAAAAAAAAAAAAAAAAAAAAAAFd4zinpdUvFWpfYylF94rq9JoVsvGuUZfbt+8oRWy/E9D4dO8GvmHDkr9O35ncceYtpp+aI4dBoPTuDrvTcN463/i3KH2/4nmJev4PsvmxMnDfeuasXwa2/d9pLjn3nP8RrzYN+krgACw88FQ4xvhk5WPiU72W1bucYrfbfbb7iZ1/WoaVi8sGpZFi9iL8F5spmDLnunkT1V4dzfytpuUt+/WK+8hy26adbw/h5m3tZ7eTm9VyNt/QW9t/kM++qZG+3q92/92yW9Yl/91We/pd+A9PLx4qs7+Cu/Aru2iPVMh9qLevb2GPVMj+Yt/YZMenlv/4rs+hXfgI3PmSlxZYlv1e1z/cGUNLGuhFylTZFLu3Brb/PQ19CdulCypwlxXKyM+kozhdtt9Rx+oaf4a1R9NFv/SGHDCqdr2rhOb/qx3MvVMh9qLevb2GSNNVGI5PG4hjU5eNddsd179kb/WJbv/6rs79Ol34AQ/qmR/MW/sMeqZH8xb+wyX9Ynsv/AKqmn8LvwPvrEn24rs+lXfgBD+q5HhRb+wzGdFsFzSqnFebi0TXrEvDiqz6Vd+BpyZRvolGziN3rv6OcbWm/DutgJrg3Lo9UsxOfa5Tc1F+K28CzHlmNkW4mRC+mbhZB7po9D0fVatVw1bH2bI9Jw8U/wLOO2404PH8NNbe0jtKQABK5jo06HpNQoi187f6upatyv6HVz5kp/qR+8sBUzz72nofDKawzPrLKrrZHv3Ow5cdb2/DqdRXdQK7xTJ8+PHfolJ/cWIq/E1nNnwh+pWvtZNh+NQ8RnXDz89IcAF15kAAAAAAAAAAAAAAAAAAAAAAAAAAAAAAAAAAAAAAAAAAAAAAAAAAAAAAAAAAAAAAAAAAAAAAAAAAAAAAAAAAAAAAAAAAAAAAAAAAAAAAAAAAAAAAAAAAAA035mNire++uv+1JIMxEzOobgRc+JdIg9nmRf9mLf3Iyr4h0q17RzIL+0mvvMc0eqT2GXW+WfySQMK7a7oc9U4zi/GL3RmZRaAAByapQ8nS8mmKblKt7beex5mereGx5nquN6pqmRRtsozey28H1RBmjtLseF3+Kn4uU58uO9al5M6DGyPPBx80QOyjib4Q1BYGvVKbSrvTrk34b9vt2ITsz7GbhOM4NqUXumn2ZvE6nbTJSL0ms+b2k49T1GnTMOeRa1uvkR8ZPyMNE1KOq6VTlLbma2mvKS7lH4g1TLz9SsjPHtVdMnCEUnt0ff4ssWtqNw87w/CzkyzW3aO7mzcy7Pyp5F8t5SfbwS8kb68/DhWoy0nHnJR25nZZu359JEbz3f0a39ljnt/o1v7LKvV6OOWsahK/lHB/3Lj7f3tn/AFD8o4P+5sb/AItn/URXPd/Rrf2WOe3+jW/ssalncJX8o4PhouP/AMWz/qNleq6bGO0uH8Sb37u67t+2Q3Pb/Rrf2WOe7+jW/ssak3CWlqWBKW60PFj7lbbt/wC4+flHB3/kXG/4tn/URXPd/Rrf2WOe3+jW/ssak3CV/KOD0/7mxvf+ls/6h+UcHf8AkXG/4tn/AFEVz2/0a39ljnt/o1v7LGpNwlVqOD/uXG/4tn/UFqOD030bG9/6Wz/qIrnt/o1v7LHPb/Rrf2WNSbhK/lHB/wBzY3/Fs/6h+UcH/c2N/wAWz/qIrnt/o1v7LHPd/Rrf2WNSbh0ZFldtznVTGmL7Qi20vr6m/TNRu0vMjkU9fCcf1l5HBz3f0a39ljnu/o1v7LEbhi0VtGp7PU8LMpz8WGRRLeEvPun5HQefcL6pl4up14yx7PQ5ElGaknsveei49Esi+FUE25Pul2XmWq23G5ea4jh5xZOSvXfZOaJQ68N2vbe179vBdF+8kuiZjCEa64witox6JGXh2KVp5p29Nhx+yxxT0b8aPeX0G8wqjy1pPu+5n9JolCmaxb6bVb5J9FLlX0dC4XWqmidsu0Itsoc5Oc3J9292WeHjrMuP4rf3a0/F8ABacIAAAGUarJ/IrlLftstz5KMo/Ki18UDUvgAAAAAAAAAAAAAAAAAAAAAAAAAAAAAAAAAAAAAAAAAAAAAAAAAAAAAAAAAAAAAAAAAAAAAAAAAAAAAAAAAAAAAAAAAAAAAAAAAAAAAAAAAAGnKyqMOiV+RYq6492zO66vHpndbLlhBbyb8EeeazrF2rZPM940xfsV79vf8AE0vflhb4Xhpz2+UO/VOLcnJk68LfHq7c3z5fgQE7J2S5rJuUn4t7nwFWbTPd6HFhpijVI0AmuD8WjM4nxKMmqN1U+fmhNbp+w2Q90VG6cUtkpNbGErPGy8jEs58e6db/AKsmty06RxcrHGjUUoyf+2XZ/FeBUQbVvNeyDNw+PNGrR+L1ZNSSlFpp9U14n0pvDGvSosjg5Vm9UulcpP5L8vgXItVtFo285nwWw35ZCm8Z4Xo8urMiltauWXxX+H3FnztTw9Or58m5Q8o95P4Ir+oXajxHjOvGwvRYsfbU7flTaXTb/P0mt9TGk/BxemSMnavqqYDWz2YKr0bhyYctu/hLqajuvr9JX07rqjh7fE2gWTgvWlp+e8O+W1GT0TfzZ+H19vqPRjxVNppp7NeJ6RwlxAtVxFjZEv8ASqVs23/GLz+PmTY7eTjeIcN/y1/FYgATOOAAAAAAAAHw+gD4fQAPh9AAAAD4TuiYXJD1myPtS6Q38F5kfpuC8y/2t/RQ6yfn7iypKMeVL2UtttivmvqOWHX8N4bmn2tu0dn0yqg52JeHiY/SdVEOWHM+8iq7zYADAieIsr0OB6KL9q17fBeJVSW4ilfPO9uuUa4Lli2uj8e/+exEl7FGqvL8fkm+efl0Ak5NJJtvokgk29l3ZadG0eOJBX3xTvfVJ/MX4m17xSNyj4bhrZ78sdnDgcOWWpWZcnXF/MXyn+BN4+m4eKl6LHin+tJbv62dX0gpWyWt3eiw8JixR7sdfVreRRFuLurTXdOS6CNtN3sxnCz3JpnlFWk5Edb1HTbeDq9YzK7ZXyuepei/Rzk3Hp28CS4RwLbON5XU8Pw0aGnVyqy4LM9NzSmt4/d4GNLO16ydFwclP9F6OT+dDoQGoaJkYKdkf0tP6yXVfFFuDW62fVG9ctqqefgsWWO2p9Yefgmtb0dY++Vjx2rb9qK+b/gQpcraLRuHnM2G2G/JYABsiAAAAAAAAAAAAAAAAAAAAAAAAAAAAAAAAAAAAAAAAAAAAAAAAAAAAAAAAAAAAAAAAAAAAAAAAAAAAAAAAAAAAAAAAAAAAAAAAAABVeMtRcY16fXJrmXPbt5eC/eVI7tbyHk6zlWb7r0jivgun7jihCVklGEXKT7JLdlO87s9TwuKMeKKpLQtQw8HKnDUMOGViZEfR2rb24L9aD8GicyOGNH0VrUdT1B5GDdFTw8enpdfF9VzfqpeLIrhzRZZ2tVQzce2GJUpW3ylFpckVu+vv7fSSeFkVaxqWocS6tBWYWnpejxvmybbVda8kjRZSOm5XEFtKydB0PA0rFim432Qim//AFz7mnWNQ1fSo0fnHpWlZ9GTu4ShGKlJLu1KG23ddTnqtnn1fnPxRdK3FhLbDxE+VXyXzYrwitur9xXNX1fK1rOllZUl5Qrj0jXHwil4JAWPE4b0PWm9R0/Nnj4WPF2ZuLb7V1UV1fLt8pPtv4eJAa5qVGpZ3PiYdeJjVRVdNcV15V2cn4s+6Jl52k5cNWxqrJVUSUbWovklF94yfvN/FenU6drk1irbFyIRvoW3aMlvt9HUCGT2e6LZg6rrGr40MfDrjU4RUbMiT8Spll4KyXHMvxm/ZnBSXXxX+D+wkxz10pcZWPZTfW5hNYPDuNjz9PlSeVkPq52ddn7iX22Wx9BaiIjs87fJbJO7SoPE+m+o6nKyEdqb/aj7n4r/AD5kMekazp0dT06yjZekS3rb8Gec21yptnVNbSg3FryaK2Supeg4HP7XHqe8MTjyquWXOuz7/E7D5KKlFxa3TI4Xkb1NuJlXYWVXk483C2t7xaMbanXJrbp4E9wlwlk8SZqWzrxYP9JY/H3I3hreYiOq7aBq61rTVk+ilXOL5Zrbpv7n5EmWTB0fC0/T44NNMVUlttt3IrP0q3FbnWnOp+XePxJaZYno4PFcDfHHPWOnp6OAAEznAAAAAAAAAAAAAAbsPFlmZCqg0vGT37Ir+u8TYmiwda2uyWulSfb4+RScLivVMTWlqfp27G/aj81ry2I7310hf4bg75PftHT93v1FFeNTGutbRj9ps7bdWQ3DfEmJxFgLIoklal7de/VMmoQc5bRXXzKU731ejxzWa+72Z01889/BdzqPkIqEdkfTVuHFq2YsLBnNPacvZh8TtbSTbeySKdrGf69mNxf6KHSH72S4qc1lLjeI9ji6d57MsbW8qmPo7dsip942dftN/q+l6l/q9jxL38yfyW/cQ4Lc0jvHRwK8TbXLf3o+f9+6waVoltGe7MlRcK1vFp7qTLAcWj1yr0ujmbblHm779H2O0pZLTNur0fC4q48Ucsa31fJSjCLlOSjFLdtvoisW8X36lfPG4X02WpOD2nlWS9HjxflzfO+g5s+2fF2rZGB6V06Fpsts21S5VkzS35E/CMfExxbdS4lh6toM/wAj6DT+jhkwh+kv2/m0/kx95jSw558O8T/la/Vr+JcHTsnIrhXZCineKjHst5P3/SZ6fonFmi5eZn4Wo6dq88yUZXxui6pScVsuVx3XbzJSv+D7hxLmysOebb425V05yf27GFvAOlVfpNItydJvXyZ4t0tt/fFtpjZpv0zi6jJzFpuqYt2l6i+1N+3LZ/YmukiwFJunPKuhw3xjTCc7nvhajUuSNkkum36s19RI8N6lm4uddw3rFjsy8aHPj5Lf+s077Jv+suzMTAskoxnBwkt01s0UnUcN4ObZQ/kp7xfmvAu5A8UUb105CXZuLf3EuG2rac7xHFF8PP5wroALrzgAAAAAAAAAAAAAAAAAAAAAAAAAAAAAAAAAAAAAAAAAAAAAAAAAAAAAAAAAAAAAAAAAAAAAAAAAAAAAAAAAAAAAAAAAAAAAAAAfH2ex9AHlmTu8q7fv6SW/1mzBz8vTMqOVhXypuimlOPk+5nq1DxtWyammtrHtv5N7r7DkKU93r6TusTC68P8AEWr6ri6zjZmfdf8A922yri9ujS93uI3DTu/g81GurrOnPqttX9RxcU/rOXhHJvxuJcR0Y8sj0knXOmPecJLaS+p7/QSuuZOncOY+ZoWjWes25M2srJfXaKfSuPw8X5mrdyaRqODqemw0DWWqYQ39TzEutMm99pecWzHH4M1F6tbiZiWLj46578uX8XGH6yfjv4HxcDa9PFrurxoTnZHm9B6RK2K8G4s7o6FxPdgQw9YzXp2mU/0u5KMUvKO+79yA7cjVMS/gvVsfBxo06ZTOqrGcltO2zfeU5PxbS+o16vPQK9M0OOsU51mQtPr29XnGMeXrtvuu5z+jp17IxdA0nmr0jAbuyMia25v17JeXTokQvEuqQ1fW7silcuPFKqiPlXFbL8fpA5NRlgSy5PTa74Y+y2V8lKW/j1SJHhFta5Hb+bl+4hCxcGUOepW3bdK69vpb/wAGSU+KFXi5iMFt+i6gAtvLhVeK9F54vUcePtJbWxXj7y1HxpSi4tJprZp+Ji1YtGk2DNbDeLQ8pBOcR6E9Ou9Yx03jWPtt/Fvy+HkZcLcLZXEObGKi448X7c303Kk1mJ09LTNS9IvHZjw1wlkcS5Sg4OOPF+1Z+B7JgaTj6Nh14eNUoVwSS5V3OrStKxdIw4Y2NBRjFbN7dzslBTjs/rI7W8oSUpO+a3f9nEx36bGdlTrf9XzMO5qmRuZo1V+86f0U34eDIXIxL8V7Ww2XmuqLZ03958aUo7Sjun3TJqZrV7udn8Px5etekqcCx36PiXbuMXXJ+Me31HDboN0d3VbGa8n0ZPGasuVk8Pz07Rv6IoHXPSs2H+xcv7LTNbwsqPfGt6f1GSc0T5qk4cle9Z/JoBx26vplM3XbqGNCcXs4ytimn9ZyXcVaJQuufCT8oJy+4bgriyW7Vn8kuCq5XH2n1brGouve3RvaK/H7CBz+NtVy040uGLB/zfWX1s1nJWFnHwGe/eNfVfc7U8LTavSZeRGpeT6t/R3KZrPHN+QpUaZF0VtbO2S9t/DyKtdfbkWOy6ydk33lN7swIrZJns6mDgMePrbrL7KUpycpycpN7tt7tnwePQ2VUyta2Wy8yN0Hfw/rObouowyMSbWz9qPg0e98L8RYmvYEbKmo3L5cPeeA11xrjtFElo+sZWi5scnFm4tP2l5oxOp6S0mJieavf936IBC8NcTYnEWFGymaVyXt1t9UdWrapDAp2htK6S9leXvZHyzvTa2alaTeZ6OPX9U9HF4dMtpv+MafZeRWz7OcrJuc5OUpPdt+J8L1KRWNPL8Rntnyc0gAN1dfMdcuPUkuigl9hH8S6k9I4cz86O/PVTLk2/WfSP2tHbg2K3Aos335oLf4+JAfwhp/mdkv5qsrc/hzrc5vm9lWd1iYRGVp08XQtB4Qpk4z1OTlmWJ+04xSnY9/e3sdOdx5h6FrH5Gq0ux4mJOuiy+DSjU5L2Ul5bHXncsf4R9Gk/kWYF8a/inFv7NiN4kpq4h4sx+G8KiuEapwzdRyIxW/s/Ji34t7/b7mZbJrWeLadI4j0zRZY0rbNQklzxkkq93tu0dWta7PS8nExMfCnmZOUrJQqhJJ7QjzN/cvi0eYa5rNN/8ACPjZ+RC6MsfUa64w9G+lUNl0825cz+o9C03/ALz431LO23r0+mGHU/Dmftz2+uKExo2i69VfHdOp6HlaVbp2ThwVkZzmm67e8X7nujmy9Snl8L6LxXNbZml5Chktd+Vy9HYn8ej+k7v4O/8ASZ6/qUnvLI1OyPN/Vj2+8ibHF/wZcSTfWqebd6Lbx/SJL7TLD0iMuaKkuzW5GcRJPSpNrtKOx34qlHEpU3vJVx3b89iN4ks5dOUN+s5oY/jhBxU/6F9+irAA6DyYAAAAAAAAAAAAAAAAAAAAAAAAAAAAAAAAAAAAAAAAAAAAAAAAAAAAAAAAAAAAAAAAAAAAAAAAAAAAAAAAAAAAAAAAAAAAAAAAAAKdxlp7hkV50I+zYuSbX6y7fZ9xXcbGuzMmvGx63ZbbJRhBd22emZmJVnYlmNct4WLZ7d17zz62rO4e1aMq5yrvokpV2x8fJorZa6nbv+H8RF6eznvH7JzLycfhHDs03Asjdq10eXLyo9qF/Nwfn16sz0nEwOGK6NZ4gqlfk3NTxsJbc3L/ADkt+3uTMlrnDlrWu34UvyvDviRX6Gyzws9y815lXz8/J1PNszMu123WPeUn0+zwIXTWTLw9L1jOs1DG4sVd1z3lHOhKucfdzLo/oPtvDWDjYMdR1fiSGRi8/o4rEUrZSkurim+i6FSJmzUcafBtGnKT9ZhmStceX5rilvv8QJGvjGjTprE0vTKoaU/ZvpuSlPJTTT55fT027EPrmPplWVC3Scl2418edVyT56Xv1i/P4kaDLAX3hbAeFpSnZHltufNJPwXh9n3lc4d0WWpZKuuj/o1b9rf5z8i+LotifFXzcbxHiI17Kv4voAJ3HAABhbVXfVKq2KlCa2lFruWXhizBow1hUVRonFfJ/XX+fArp9hOUJKcG4yT3TXgaXpzRpZ4biJwX5o6wv4ITS9fhdy0ZbULOys8JfHyJvv16Mo2rNZ1L02HNTNXmpJ02e/Y02Y6e7j9TNwNUzilGSbUlsY+7f6vA72lJbNbo1Sx4v5L2Mjl6fuPu6+jzNjpsXzd/ga9mn1W3uYD3b9TGf8XLdeBl2RjNexLr4MQxbtL86a9/Lub/AH0vvODY79e/l3N7/wAdLucBPPdDj+CPoAKLfZN/QbI41kvm7fEw3a+vbzPsYym9ordnVDEivlNy+w3xjGK2ikl7jGxz1YqXWz6joSUVslskfQYAAntF4ZuznG/K3qx+6W3tT/Be8zFZmeiPJlpirzXls4OjqdeoLJw7ZU0xa9JJ9pdey95eb77Mm6VtsnKcn1bOemmvHqjVVBQhFbJJdjYW615Yeb4niJzW32gABsrAAAtHDeUrcKWO37VT6fB/5Z1a7psdY0PN06W3+kUyhFvwlt0f0PYq2n5s8HLjdHdx7Sj5oulN0MiqNtUlKMl0ZSzV5bbek8Pzxkxck94USV+VqnCum6zjVynq2g2tXU/OfL7NsPpj1O6vhTh3ijIjxJRkZLllcs267nFbrwa9xu1jBzdA1ifEOk0SyKL0vyjhw+VZstlZBfrLxXicmJiStdmucEahQ4XvmyNPuf6Oc+76d65/YRr6yanoWFquXg5WTGfpMC701XK9lze/z7I3abpePpVVtePzP0107rJTe7lOT3b3IJcYZ2N7Go8K6tG1d3i1xvg/emmn9h8lxLr2o71aPwzlUyfT02pbVQj7+VNtmNSyw1BYnBWhXYWlRnZm6lfP1apvmlO2aS3+C6M4M/TFj4Gg8FUydk7JxvzGl/s4Pmk38ZdjZL1bhnL/AChqeTPWuI8lclVNSW8d/mwh82PTq2THDOiZOHK/VtWmrNVztnbs940xXauPuW/1mRPpbLZeBV+JMpW5kaIvdUrr8WTupZ8MDFdjac30hHzZS5zlZOU5veUnu35k+CnXmcnxPPEV9lHee74AC04IAAAAAAAAAAAAAAAAAAAAAAAAAAAAAAAAAAAAAAAAAAAAAAAAAAAAAAAAAAAAAAAAAAAAAAAAAAAAAAAAAAAAAAAAAAAAAAAAAABx6lpmPqmO6b49V8maXWL9x2Ad2a2ms7ju881Ph/N02UpODtpX+0gum3vXgRZ6s0n3W5HZXD+mZjbsxoxk/Gv2X9hBbF6Ovi8S6ayR+TzoF1lwXgN+zfkR+lP9xlXwbp0HvOd8/c5rb7Ea+ystfxHB81IjFykoxTbfRJeJYdI4UvypRuzk6ae/J86X4FrxNLwsH/V8aEGvnbby+t9TrN64ojupZvErWjWONfNrpprx6o1VRUIRWyS8DYATOVM76yAAAAAAAAEpp2uX4aVdi9NUvBvqvgyLBi1YtGpSY8t8Vuak6lecTOx82vnosT84vuvoN5Qa7bKZqdc3CS7OL2LLp2q3LTp5Wc064yUYSS9qRUvh5esO9wviEZfdvGp/RMg5cbUsPL6VXRcn819H9R1EMxMd3Rrat43Wdg790AYbMXXW+8Ua7qa/QzfL2i2bjC7+Js/sv7jMMT2fnPWKa3rOW3FNu2W/1nIqq09+SP1Hdq/8r5f97L7zkJZ7oMfwR9Hw+gGEgAdWJpebnPbHxpzX622y+sRG2LWisbmdOU34eDk59yqxqpTfi0ui+JM6DoOPl5V9WdKatx5bSpT23+n8C5Y+NTi1KqiuNcF4RWxLXHvrLn8Tx9cU8tY3P6ITSOFaMNxuy2r7l1UdvZi/3/SWBdF0ALEREdnDy5b5bc15AAZRgAAAAASGl6tZp8+Vpzpl3hv296I8GJiJjUt8eS2O0WrPVesbLoy6ueialHy8V8UQ2o8HYGXmPPwrbtLzn3yMSXK5f2l2l9JA032481OmyUJLxTJbH4lya9ldXC1ea6Mq2wWj4Xcw+J47RrJGpfFpvGuMuSnX8DLiu0sjEcJP48ra+wPROLM72c7iarGrfyo4GKoya/tSbaO2PE+O17WPYn7mmYz4oqS/R402/wCtJI09nf0WvtvD63zfu36NwzpmiOVmNU7Mmf8AGZN0ue2fxk/3HTn6rj4EfbfNZ4Vp9f8AAgMniHNvTjBxpj/UXX6yMlKUpNybbfdtklcE97KWfxOsRrFH4t2ZmXZt7ute7fZeCXkjQAWojXRxLWm07nuAAMAAAAAAAAAAAAAAAAAAAAAAAAAAAAAAAAAAAAAAAAAAAAAAAAAAAAAAAAAAAAAAAAAAAAAAAAAAAAAAAAAAAAAAAAAAAAAAAAAAAAAAAAAAAAAAAAAAAAAADtx9HzsnZwocYv50+iO2HDGU0ua6qPn3ZpOSsd5WKcLmvG61lCgmZ8M5cV7NtUn5btHBk6XmYq3tolt5x6r7DMXrPaWL8NmpG7VlqxceeVkwpgt3J7fBeZ36zkRjKvAol+hx1t08X4mzAS07TLNQml6W32KU/tf+fIh23KTbbbfVtmI962/Rvb/Sw8vnbrP08vz7h24+r52PsoXyaXhP2vvOIG0xE90FMlqTus6T1HFE10vx1L3wex2V8R4M/lekh8Y/gVUEc4aSuU8Rz189rpHWNPmt1lQXx6H2zUMKdM1HKpbcXsudeRSgaewj1T/xTJrrWHnup6Zn3arkzrw8icZWyakq3s+pqhoOqz22wbVv5rb7z0cG/somWkeJXrWIisKHVwjqlm3NGqv+1Pt9RI43BKTTysvf+rXH97LWDMY6wiv4hnt2nSLxeHNLxGnHHVkvOx832diTjFRSjFJJdkvA+g3iIjsqXyXvO7TtXtcqlpuo061SvZi1G9LxXb95P12RtrjZCSlGSTTXijDJx68rHnRat4WRaZAaNqUdKV+majaq/VW+ScvnR8vtMdpT6nNi6fFX9v8ACyAgbuMNNre1att6d1HZfaaVxriNrfGtS8eqHPX1YjhM8xvlWQEPj8U6VkPld0qpeVkWvtJauyFsFOucZxfZxe6ZmJieyG+K9PijTIAGWgAAAAAAAAAAAAAAAAAAAAAAAAAAAAAAAAAAAAAAAAAAAAAAAAAAAAAAAAAAAAAAAAAAAAAAAAAAAAAAAAAAAAAAAAAAAAAAAAAAAAAAAAAAAAAAAAAAAAAAAAAAAAAAAAAAABnRTLIvhTBbynJJAiJmdQ2YeHdnXqqmO/nLwj8S06fo2NgqMuVWXbdZvw+HkbtPwa8DGjXBJyfWctusmdRSyZZt0js9JwnBVxRFrxu37AAIXRARWfxToOmZbxM7Vcai9bb1zn1W/n5EpGUZxUotSjJbprxQHBqmlR1CqKjN1zr+Svm/UVPIx7ca6VV0HCa8GXw4dV02GoY/RJWw6wl+4nxZeXpPZzON4KMsTenxfupoPsouEnGS2lF7NPwPhcedAAAAAAAAAAAPjainKT2S6tvwPpU+KtclFy07Gm0/9tNP/wDE1taKxtNgw2zXitWWtcV8kpY2nNNrpK7uv/T+JVLbbL7HZbOU5y7yk92zPFxcjOyq8bGqlbdbLaMI92zq1jRM/QspY+fTySkt4yT3jJe5lW1pt3ekw4KYa6rDiqqsvtjVVXKyyb2jCC3bfkkddui6tRVK27TMyuuK3lOdEkkvi0S3AuDl3cVYGRVjWTpqt5p2KDcYrZ92Smgajquq5Wu4VmXk5aeFd6KmVjnu+ZbbI0WFIOrB1PL06znxrnBPvHvF/FGm/HuxrXVfVOqa7xnFpr6GSFXDWrXaLPV4YreLB92/aa8ZJeKXmZ3prasWjUxtbNF1+jVYuuSVV8V1g3396Jc8qqtnTbG2qThOD3jJeB6FoWrR1XBU5bK6vpal5+D+ks4783SXB43g/Ze/Tt+yTABK5oAAAAAAAAAAAAAAAAAAAAAAAAAAAAAAAAAAAAAAAAAAAAAAAAAAAAAAAAAAAAAAAAAAAAAAAAAAAAAAAAAAAAAAAAAAAAAAAAAAAAAAAAAAAAAAAAAAAAAAAAAAAAAAAAT/AAziJuzLkt9vYh+8gC56PUqtLoS7uPM/pIc1tVdHw3HF8258naY2210VSttnGFcE3KUnskvPc59R1LD0jBszM6+NNNa6yfj7l5v3FUsryeKYPU9dk9N4ep/SQxZy5ZXpdp2Pwj/V8Snp6NP6FxLpnEfrL02ydkcaahKUocql033XuJSyyFNU7bJKMIRcpSfgl3KrwTFX5esanj48qMDMvh6rzQ5OaEYKO6Xl06HVx1l2Y/DF2NjvbJzpxxaUvOb2f2bjXUVCVD1HhuudlS9c4n1To5R3lXQn9m0Y/aXf85tGxNdjw7O70OTGuPIpraEt+0U/Pp2InT8Ou7jmrFqW+Lw/gRqhsunpZ/8A+V9pyarh6YuMtQx9foUcPV6qY42RLpFWQ36c3zZdVsZ7i9gqGPqufwjfDA162WTpk2o42pNfxflC33/1vcW6M4zipQkpRkt011TMaZVjiPDVOYr4LaNy6/2vEhy2cRVqelym11hJNe7rt+8qZdxW3R5jj8cY8868+oACVRAAAAAAAAcupZkcDT7sqS35I9F5vw+080ssnbZKyyTlObbk34sufGd7hplVSfSyzr9CKXCErJKMIuUn2SW7K+Weune8NxxGOb+crLwdn4lCzMKVqw87MhyY2c1uqn4xflv5mVerZWgu3ROINNjn1Uy56qrpNOufg1Lxi/LxOLhrQ56jr2NRmUWwxk3O6UoNJQinJ9fo2+kzk8jjPi/bdVrIs2XlVVH8IogdRsnrfEnEdnqmCrY1JJRxcKDhXBeWy8PiYrhTinA/0qrAyq5x689MvbX7L3M9V4jml+SOH+fE06D5UqntZkP9aT7vd+Bx2YPEejxjn20ahiLurpKUftA7sfi7I29U4gwoarVW3sshbW1v3S7/AEMkNGz9T1LV3xHk5SwNNwfZlyr2Iw26VQj2e626fSc1d8eM9Nvryox/LWHU7a74xSeVBLrGSXzl4M08Ly/Kumajw7Yub0tbycbzjbBb9PiugEJq2Ti5eq5ORhY/q2PZNuurf5KOjh7UJYGrVtv9Hb7E18ez+s4nh5UYuUsa5JLdtwfQ0ptPdd0bROp2jyUi9ZrPm9XBz6fd6zp+Pc3u51xb+O3U6C68lManUgADAAAAAAAAAAAAAAAAAAAAAAAAAAAAAAAAAAAAAAAAAAAAAAAAAAAAAAAAAAAAAAAAAAAAAAAAAAAAAAAAAAAAAAAAAAAAAAAAAAAAAAAAAAAAAAAAAAAAAAAAAAAAAAF409p6fjtb7ejjt9RRy4aHcrtKq2fWG8H9f4FfPHuxLreF2iMlo+SsZCxrv4QpV8Ruz0UeR6RCxfoJPl9p+TnzefuNfEDVnF9VXFMpw0Pp6mo9KJ2f+a/PyT6Fv1XScLWsCeFn0q2mf0OL8Gn4NFVtvv4fg9H4oj+UNEyPYqz5rf0flC390v8AKrQ7y6xjGMFGCUYpbJLskVXVrYZ/Hen4tkl6tpOPPNv37KT6Q3+HVn3gycsXK1jSI5Ur8PT7oLGlOXM41ygpbc3ilv0K7kZNuToWualS/wDSdez1hYnn6JPkT+rmbEQLLwHVO7R79YujtdquRPIe/hHfaK+pfaS+vV6VZo+QtaVXqSjvY7ey8uvnv22OrCxa8HBoxKVtXRXGuK9yWxTNVv07K4uz7OIMhLTtGpqnTRJ+xKc9+rXzn0SSMd5G7hD1i/Rs6GpqVug9Vhyz1+klVt15t/m+TfUz4Dk3ZqUMCWRPQozj+T5X7+/nUd+vLvtsfKdPz+NLYZerVTw9Fi1KjAfszv8AKVnkv6pb664VVxrrgoQitoxitkkZmRxa5stIv38l96KcWniS5V6fGrdc1ku3uX+UVYtYI9153xO0TmiPSAAE7mgAAAAAAAKrxun6PEfhvJfccnAW/wCd2Lt8rlny/HlexLcYY7t0mNq70zTfwfT8CjlXLHvPR+H2icEfJeM7H/hFWHe8mWZ6vyS9JtOHyfHt1Ivgrf1rVYw/jZaVeqvPm6dvftucHDOqx0jiDFy7t3SpOFq77wkuV/Y/sOrIhk8G8Xbw2mqJ80N+1lUvxiyJffeCHSuJqefk9M65rG59tvS8r5e/vJrh+nXqNUzZ6960tOVNnrrypNwl0e22/d77bbEXqnDTzVLVeHYvLwrHzOivrbjt/Nce/wAGR7hxHq3JhyjqOUo9q5KckvoA6eBuf878Bx7KUnPrt7PK99zi06GoT4gitG9Isz0kvQOt7S8d/s3Jr0dXBmnZEbLq7dbzK3UoVyUli1v5Tb/Wa+o08NVvStH1HiGzpyVvFxvOVk1s2vggLNpVHGcHmS16V/qPqd3N6SceXfke3Y8zPrlJ95P6xCLnNRit3J7IyxMvR9DTWi4m62fo0d5pxKfV8Smn+brjH6kbi7HZ5HJPNeZ+YADLQAAAAAAAAAAAAAAAAAAAAAAAAAAAAAAAAAAAAAAAAAAAAAAAAAAAAAAAAAAAAAAAAAAAAAAAAAAAAAAAAAAAAAAAAAAAAAAAAAAAAAAAAAAAAAAAAAAAAAAAAAAAAACZ4czVTkvGm9o2/J+PkQx9jJwkpRezT3TNbV5o0lwZZxZIvHkv5ryMenLx54+RVG2qxcs4TW6kvecOkarDOpVc3tfBdV+t70SRz5iazqXrMeSuSsWr2U3UNJweBuFtYu0x2KeX7NUZy35ZyXLFJ+S3+w0afgQ/OLQdEqalRomF6xdt2lbJcsd/fvzP6S3anpeFrGFLD1CiN9Emm4PzXY06ToGlaErFpuHCh27ObTbctu3Vmdt9JH7yDu4Q0nJ4jeu5Ncrsjlio1ze9cXHtLbz6k4DVk+gAh9c1ZY1csaiW90ltJr5i/E2rWbTqEWXLXFSb2ROu5vrWc4Qf6Or2V734sjQDoViKxqHksuScl5vPmAAy0AAAAAAAAacvGhl4tuPZ8myLi35HmeVjWYeVZj2radb2aPUiv8S6H6/V61jx/T1xe8V89fiR5K7jcOhwHERivy27S4OC8TFteZlKqGZqeNDnw8Kx7RsfjL+s135RXo9mqxt1vifU5YEMifLVZZW5Tsl7o91FFcpuvwsmNtM503VS3jJPZxaOjVtYz9by/WtQyJXWKPKvBRXuXZFR6JLWcNcQ6PL13TJWZFHeGXgWcya+jqvpNMOIeKtUl6nVqGfkSa/i65Pdr37fE2cDZN9XFun1QvshXZbtOMZPaS2fRrxJjRNJ1fSb9ezb8W/Fi8O70dzTXXmTWz89gI2nhD1VLI4lz4aXCb2jB/pLpv8AsrsveyQ0bS9V0nWvyLbjw1DSs6PPNt/op19/SKXzWkUqyyds3OycpyfeUnu2d9Wv6pTo9mk15c1hze7r/cn3S9wGnVqcPH1XIp0+934sJtV2Nbbr/Pid/C2nPM1ON0k/RY+02/f4L/PkRmFhX6hkxx8eHNJ934RXm/cei6Zp9WmYUMerrt1lL9Z+ZNjrudufx3ERjpyx3l1gAsvOgAAAAAAAAAAAAAAAAAAAAAAAAAAAAAAAAAAAAAAAAAAAAAAAAAAAAAAAAAAAAAAAAAAAAAAAAAAAAAAAAAAAAAAAAAAAAAAAAAAAAAAAAAAAAAAAAAAAAAAAAAAAAAAAAAAyrsnVZGyuTjKL3TXgWHA4jrklXmR5ZdvSJbp/FFcBpakW7rGDicmCd0lfq7a7oqVU4zi/GL3MihV3W0y5qrJQfnF7HVHWNQitllT+nZkE8PPlLq08Vpr3q/kuZruyKceDldbGEV5sp89X1Ca2eVZ9D2+45Z2Tse85yk/OT3EcPPnJfxWuvcr+ad1DiPmTrwk1/wCY/wByIBtybbbbfVtgFitIrGocjNnyZrbvIADZCAAAAAAAAAAAAAITWeG8fUua6nanI2+Vt0l8V+8p+bpGdp8n6xjzUV89LeP1npZ8lGMltJKSfg1uR2xxK9g47JijlnrDyqE51zU65yhJdpRezX0m+zUs62EoWZuROMu8ZWyaf2noN+i6bkNu3CqbfdqPK/sNK4b0iLT9Ti9vOT/Ej9jK/HiePXWJeeJNvZLdkxpvDOdnuM7IvHpfzprq17kXbH07CxdnRi1VtfOjBb/WdJtGKPNBl8TmY1jjTj03S8bS6PRY8Or+VN95M7ACaI05VrTad27gADAAAAAAAAAAAAAAAAAAAAAAAAAAAAAAAAAAAAAAAAAAAAAAAAAAAAAAAAAAAAAAAAAAAAAAAAAAAAAAAAAAAAAAAAAAAAAAAAAAAAAAAAAAAAAAAAAAAAAAAAAAAAAAAAAAAAAAAAAAAAAAAAAAAAAAAAAAAAAAAAAAAAAAAAAAAAAAAAAAAAAAAAAAAAAAAAAAAAAAAAAAAAAAAAAAAAAAAAAAAAAAAAAAAAAAAAAAAP/Z\"></p><p><strong style=\"background-color: rgb(255, 255, 255); color: rgb(0, 0, 0);\">Lorem Ipsum</strong><span style=\"background-color: rgb(255, 255, 255); color: rgb(0, 0, 0);\"> is simply dummy text of the printing and typesetting industry. Lorem Ipsum has been the industry\'s standard dummy text ever since the 1500s, when an unknown printer took a galley of type and scrambled it to make a type specimen book. It has survived not only five centuries, but also the leap into electronic typesetting, remaining essentially unchanged. It was popularised in the 1960s with the release of Letraset sheets containing Lorem Ipsum passages, and more recently with desktop publishing software like Aldus PageMaker including versions of Lorem Ipsum.</span></p>', '2025-03-05 09:22:48', '2025-03-05 09:22:48', 'admin', 0, 2),
(2, 'Career', '', 'career', '<ol><li data-list=\"ordered\"><span class=\"ql-ui\" contenteditable=\"false\"></span><em>Welcome to our store!</em></li></ol><p><br></p><ol><li data-list=\"bullet\"><span class=\"ql-ui\" contenteditable=\"false\"></span><strong>Thanks.</strong></li></ol>', '2025-03-05 05:58:41', '2025-03-05 05:58:41', 'admin', 0, 1);
INSERT INTO `pages` (`id`, `title`, `photo`, `identifier`, `content`, `createdAt`, `updatedAt`, `createdBy`, `deleted`, `status`) VALUES
(3, 'Contact', '', 'contact', '<p><strong style=\"background-color: rgb(255, 255, 255); color: rgb(17, 17, 17);\">Last updatedApril 11, 2025</strong></p><h2><strong style=\"background-color: rgb(255, 255, 255); color: rgb(17, 17, 17);\">AGREEMENT TO OUR LEGAL TERMS</strong></h2><p><span style=\"background-color: rgb(255, 255, 255); color: rgb(17, 17, 17);\">We are __________ (“</span><strong style=\"background-color: rgb(255, 255, 255); color: rgb(17, 17, 17);\">Company</strong><span style=\"background-color: rgb(255, 255, 255); color: rgb(17, 17, 17);\">,” “</span><strong style=\"background-color: rgb(255, 255, 255); color: rgb(17, 17, 17);\">we</strong><span style=\"background-color: rgb(255, 255, 255); color: rgb(17, 17, 17);\">,” “</span><strong style=\"background-color: rgb(255, 255, 255); color: rgb(17, 17, 17);\">us</strong><span style=\"background-color: rgb(255, 255, 255); color: rgb(17, 17, 17);\">,” “</span><strong style=\"background-color: rgb(255, 255, 255); color: rgb(17, 17, 17);\">our</strong><span style=\"background-color: rgb(255, 255, 255); color: rgb(17, 17, 17);\">“).</span></p><p><span style=\"background-color: rgb(255, 255, 255); color: rgb(17, 17, 17);\">We operate the website dropcms.com (the “</span><strong style=\"background-color: rgb(255, 255, 255); color: rgb(17, 17, 17);\">Site</strong><span style=\"background-color: rgb(255, 255, 255); color: rgb(17, 17, 17);\">“), as well as any other related products and services that refer or link to these legal terms (the “</span><strong style=\"background-color: rgb(255, 255, 255); color: rgb(17, 17, 17);\">Legal Terms</strong><span style=\"background-color: rgb(255, 255, 255); color: rgb(17, 17, 17);\">“) (collectively, the “</span><strong style=\"background-color: rgb(255, 255, 255); color: rgb(17, 17, 17);\">Services</strong><span style=\"background-color: rgb(255, 255, 255); color: rgb(17, 17, 17);\">“).</span></p><p><span style=\"background-color: rgb(255, 255, 255); color: rgb(17, 17, 17);\">You can contact us by email at cms@dropcms.com or by mail to Dhaka, bangladesh, Dhaka, Dhaka 1212, Bangladesh.</span></p><p><span style=\"background-color: rgb(255, 255, 255); color: rgb(17, 17, 17);\">These Legal Terms constitute a legally binding agreement made between you, whether personally or on behalf of an entity (“</span><strong style=\"background-color: rgb(255, 255, 255); color: rgb(17, 17, 17);\">you</strong><span style=\"background-color: rgb(255, 255, 255); color: rgb(17, 17, 17);\">“), and __________, concerning your access to and use of the Services. You agree that by accessing the Services, you have read, understood, and agreed to be bound by all of these Legal Terms. IF YOU DO NOT AGREE WITH ALL OF THESE LEGAL TERMS, THEN YOU ARE EXPRESSLY PROHIBITED FROM USING THE SERVICES AND YOU MUST DISCONTINUE USE IMMEDIATELY.</span></p><p><span style=\"background-color: rgb(255, 255, 255); color: rgb(17, 17, 17);\">Supplemental terms and conditions or documents that may be posted on the Services from time to time are hereby expressly incorporated herein by reference. We reserve the right, in our sole discretion, to make changes or modifications to these Legal Terms at any time and for any reason. We will alert you about any changes by updating the “Last updated” date of these Legal Terms, and you waive any right to receive specific notice of each such change. It is your responsibility to periodically review these Legal Terms to stay informed of updates. You will be subject to, and will be deemed to have been made aware of and to have accepted, the changes in any revised Legal Terms by your continued use of the Services after the date such revised Legal Terms are posted.</span></p><p><span style=\"background-color: rgb(255, 255, 255); color: rgb(17, 17, 17);\">We recommend that you print a copy of these Legal Terms for your records.</span></p><h2><strong style=\"background-color: rgb(255, 255, 255); color: rgb(17, 17, 17);\">TABLE OF CONTENTS</strong></h2><ol><li data-list=\"ordered\"><span class=\"ql-ui\" contenteditable=\"false\"></span><a href=\"http://localhost/wordpress/privacy-policy/#services\" rel=\"noopener noreferrer\" target=\"_blank\" style=\"background-color: rgb(255, 255, 255); color: currentcolor;\">OUR SERVICES</a></li><li data-list=\"ordered\"><span class=\"ql-ui\" contenteditable=\"false\"></span><a href=\"http://localhost/wordpress/privacy-policy/#ip\" rel=\"noopener noreferrer\" target=\"_blank\" style=\"background-color: rgb(255, 255, 255); color: currentcolor;\">INTELLECTUAL PROPERTY RIGHTS</a></li><li data-list=\"ordered\"><span class=\"ql-ui\" contenteditable=\"false\"></span><a href=\"http://localhost/wordpress/privacy-policy/#userreps\" rel=\"noopener noreferrer\" target=\"_blank\" style=\"background-color: rgb(255, 255, 255); color: currentcolor;\">USER REPRESENTATIONS</a></li><li data-list=\"ordered\"><span class=\"ql-ui\" contenteditable=\"false\"></span><a href=\"http://localhost/wordpress/privacy-policy/#userreg\" rel=\"noopener noreferrer\" target=\"_blank\" style=\"background-color: rgb(255, 255, 255); color: currentcolor;\">USER REGISTRATION</a></li><li data-list=\"ordered\"><span class=\"ql-ui\" contenteditable=\"false\"></span><a href=\"http://localhost/wordpress/privacy-policy/#products\" rel=\"noopener noreferrer\" target=\"_blank\" style=\"background-color: rgb(255, 255, 255); color: currentcolor;\">PRODUCTS</a></li><li data-list=\"ordered\"><span class=\"ql-ui\" contenteditable=\"false\"></span><a href=\"http://localhost/wordpress/privacy-policy/#purchases\" rel=\"noopener noreferrer\" target=\"_blank\" style=\"background-color: rgb(255, 255, 255); color: currentcolor;\">PURCHASES AND PAYMENT</a></li><li data-list=\"ordered\"><span class=\"ql-ui\" contenteditable=\"false\"></span><a href=\"http://localhost/wordpress/privacy-policy/#returnyes\" rel=\"noopener noreferrer\" target=\"_blank\" style=\"background-color: rgb(255, 255, 255); color: currentcolor;\">RETURN/REFUNDS POLICY</a></li><li data-list=\"ordered\"><span class=\"ql-ui\" contenteditable=\"false\"></span><a href=\"http://localhost/wordpress/privacy-policy/#prohibited\" rel=\"noopener noreferrer\" target=\"_blank\" style=\"background-color: rgb(255, 255, 255); color: currentcolor;\">PROHIBITED ACTIVITIES</a></li><li data-list=\"ordered\"><span class=\"ql-ui\" contenteditable=\"false\"></span><a href=\"http://localhost/wordpress/privacy-policy/#ugc\" rel=\"noopener noreferrer\" target=\"_blank\" style=\"background-color: rgb(255, 255, 255); color: currentcolor;\">USER GENERATED CONTRIBUTIONS</a></li><li data-list=\"ordered\"><span class=\"ql-ui\" contenteditable=\"false\"></span><a href=\"http://localhost/wordpress/privacy-policy/#license\" rel=\"noopener noreferrer\" target=\"_blank\" style=\"background-color: rgb(255, 255, 255); color: currentcolor;\">CONTRIBUTION LICENSE</a></li><li data-list=\"ordered\"><span class=\"ql-ui\" contenteditable=\"false\"></span><a href=\"http://localhost/wordpress/privacy-policy/#reviews\" rel=\"noopener noreferrer\" target=\"_blank\" style=\"background-color: rgb(255, 255, 255); color: currentcolor;\">GUIDELINES FOR REVIEWS</a></li><li data-list=\"ordered\"><span class=\"ql-ui\" contenteditable=\"false\"></span><a href=\"http://localhost/wordpress/privacy-policy/#socialmedia\" rel=\"noopener noreferrer\" target=\"_blank\" style=\"background-color: rgb(255, 255, 255); color: currentcolor;\">SOCIAL MEDIA</a></li><li data-list=\"ordered\"><span class=\"ql-ui\" contenteditable=\"false\"></span><a href=\"http://localhost/wordpress/privacy-policy/#sitemanage\" rel=\"noopener noreferrer\" target=\"_blank\" style=\"background-color: rgb(255, 255, 255); color: currentcolor;\">SERVICES MANAGEMENT</a></li><li data-list=\"ordered\"><span class=\"ql-ui\" contenteditable=\"false\"></span><a href=\"http://localhost/wordpress/privacy-policy/#ppyes\" rel=\"noopener noreferrer\" target=\"_blank\" style=\"background-color: rgb(255, 255, 255); color: currentcolor;\">PRIVACY POLICY</a></li><li data-list=\"ordered\"><span class=\"ql-ui\" contenteditable=\"false\"></span><a href=\"http://localhost/wordpress/privacy-policy/#terms\" rel=\"noopener noreferrer\" target=\"_blank\" style=\"background-color: rgb(255, 255, 255); color: currentcolor;\">TERM AND TERMINATION</a></li><li data-list=\"ordered\"><span class=\"ql-ui\" contenteditable=\"false\"></span><a href=\"http://localhost/wordpress/privacy-policy/#modifications\" rel=\"noopener noreferrer\" target=\"_blank\" style=\"background-color: rgb(255, 255, 255); color: currentcolor;\">MODIFICATIONS AND INTERRUPTIONS</a></li><li data-list=\"ordered\"><span class=\"ql-ui\" contenteditable=\"false\"></span><a href=\"http://localhost/wordpress/privacy-policy/#law\" rel=\"noopener noreferrer\" target=\"_blank\" style=\"background-color: rgb(255, 255, 255); color: currentcolor;\">GOVERNING LAW</a></li><li data-list=\"ordered\"><span class=\"ql-ui\" contenteditable=\"false\"></span><a href=\"http://localhost/wordpress/privacy-policy/#disputes\" rel=\"noopener noreferrer\" target=\"_blank\" style=\"background-color: rgb(255, 255, 255); color: currentcolor;\">DISPUTE RESOLUTION</a></li><li data-list=\"ordered\"><span class=\"ql-ui\" contenteditable=\"false\"></span><a href=\"http://localhost/wordpress/privacy-policy/#corrections\" rel=\"noopener noreferrer\" target=\"_blank\" style=\"background-color: rgb(255, 255, 255); color: currentcolor;\">CORRECTIONS</a></li><li data-list=\"ordered\"><span class=\"ql-ui\" contenteditable=\"false\"></span><a href=\"http://localhost/wordpress/privacy-policy/#disclaimer\" rel=\"noopener noreferrer\" target=\"_blank\" style=\"background-color: rgb(255, 255, 255); color: currentcolor;\">DISCLAIMER</a></li><li data-list=\"ordered\"><span class=\"ql-ui\" contenteditable=\"false\"></span><a href=\"http://localhost/wordpress/privacy-policy/#liability\" rel=\"noopener noreferrer\" target=\"_blank\" style=\"background-color: rgb(255, 255, 255); color: currentcolor;\">LIMITATIONS OF LIABILITY</a></li><li data-list=\"ordered\"><span class=\"ql-ui\" contenteditable=\"false\"></span><a href=\"http://localhost/wordpress/privacy-policy/#indemnification\" rel=\"noopener noreferrer\" target=\"_blank\" style=\"background-color: rgb(255, 255, 255); color: currentcolor;\">INDEMNIFICATION</a></li><li data-list=\"ordered\"><span class=\"ql-ui\" contenteditable=\"false\"></span><a href=\"http://localhost/wordpress/privacy-policy/#userdata\" rel=\"noopener noreferrer\" target=\"_blank\" style=\"background-color: rgb(255, 255, 255); color: currentcolor;\">USER DATA</a></li><li data-list=\"ordered\"><span class=\"ql-ui\" contenteditable=\"false\"></span><a href=\"http://localhost/wordpress/privacy-policy/#electronic\" rel=\"noopener noreferrer\" target=\"_blank\" style=\"background-color: rgb(255, 255, 255); color: currentcolor;\">ELECTRONIC COMMUNICATIONS, TRANSACTIONS, AND SIGNATURES</a></li><li data-list=\"ordered\"><span class=\"ql-ui\" contenteditable=\"false\"></span><a href=\"http://localhost/wordpress/privacy-policy/#misc\" rel=\"noopener noreferrer\" target=\"_blank\" style=\"background-color: rgb(255, 255, 255); color: currentcolor;\">MISCELLANEOUS</a></li><li data-list=\"ordered\"><span class=\"ql-ui\" contenteditable=\"false\"></span><a href=\"http://localhost/wordpress/privacy-policy/#contact\" rel=\"noopener noreferrer\" target=\"_blank\" style=\"background-color: rgb(255, 255, 255); color: currentcolor;\">CONTACT US</a></li></ol><h2><strong style=\"background-color: rgb(255, 255, 255); color: rgb(17, 17, 17);\">1. OUR SERVICES</strong></h2><p><span style=\"background-color: rgb(255, 255, 255); color: rgb(17, 17, 17);\">The information provided when using the Services is not intended for distribution to or use by any person or entity in any jurisdiction or country where such distribution or use would be contrary to law or regulation or which would subject us to any registration requirement within such jurisdiction or country. Accordingly, those persons who choose to access the Services from other locations do so on their own initiative and are solely responsible for compliance with local laws, if and to the extent local laws are applicable.</span></p><h2><strong style=\"background-color: rgb(255, 255, 255); color: rgb(17, 17, 17);\">2. INTELLECTUAL PROPERTY RIGHTS</strong></h2><h3><strong style=\"background-color: rgb(255, 255, 255); color: rgb(17, 17, 17);\">Our intellectual property</strong></h3><p><span style=\"background-color: rgb(255, 255, 255); color: rgb(17, 17, 17);\">We are the owner or the licensee of all intellectual property rights in our Services, including all source code, databases, functionality, software, website designs, audio, video, text, photographs, and graphics in the Services (collectively, the “Content”), as well as the trademarks, service marks, and logos contained therein (the “Marks”).</span></p><p><span style=\"background-color: rgb(255, 255, 255); color: rgb(17, 17, 17);\">Our Content and Marks are protected by copyright and trademark laws (and various other intellectual property rights and unfair competition laws) and treaties around the world.</span></p><p><span style=\"background-color: rgb(255, 255, 255); color: rgb(17, 17, 17);\">The Content and Marks are provided in or through the Services “AS IS” for your personal, non-commercial use or internal business purpose only.</span></p><h3><strong style=\"background-color: rgb(255, 255, 255); color: rgb(17, 17, 17);\">Your use of our Services</strong></h3><p><span style=\"background-color: rgb(255, 255, 255); color: rgb(17, 17, 17);\">Subject to your compliance with these Legal Terms, including the “</span><a href=\"http://localhost/wordpress/privacy-policy/#prohibited\" rel=\"noopener noreferrer\" target=\"_blank\" style=\"background-color: rgb(255, 255, 255); color: currentcolor;\">PROHIBITED ACTIVITIES</a><span style=\"background-color: rgb(255, 255, 255); color: rgb(17, 17, 17);\">” section below, we grant you a non-exclusive, non-transferable, revocable license to:</span></p><ol><li data-list=\"bullet\"><span class=\"ql-ui\" contenteditable=\"false\"></span><span style=\"background-color: rgb(255, 255, 255); color: rgb(17, 17, 17);\">access the Services; and</span></li><li data-list=\"bullet\"><span class=\"ql-ui\" contenteditable=\"false\"></span><span style=\"background-color: rgb(255, 255, 255); color: rgb(17, 17, 17);\">download or print a copy of any portion of the Content to which you have properly gained access,</span></li></ol><p><span style=\"background-color: rgb(255, 255, 255); color: rgb(17, 17, 17);\">solely for your personal, non-commercial use or internal business purpose.</span></p><p><span style=\"background-color: rgb(255, 255, 255); color: rgb(17, 17, 17);\">Except as set out in this section or elsewhere in our Legal Terms, no part of the Services and no Content or Marks may be copied, reproduced, aggregated, republished, uploaded, posted, publicly displayed, encoded, translated, transmitted, distributed, sold, licensed, or otherwise exploited for any commercial purpose whatsoever, without our express prior written permission.</span></p><p><span style=\"background-color: rgb(255, 255, 255); color: rgb(17, 17, 17);\">If you wish to make any use of the Services, Content, or Marks other than as set out in this section or elsewhere in our Legal Terms, please address your request to: cms@dropcms.com. If we ever grant you the permission to post, reproduce, or publicly display any part of our Services or Content, you must identify us as the owners or licensors of the Services, Content, or Marks and ensure that any copyright or proprietary notice appears or is visible on posting, reproducing, or displaying our Content.</span></p><p><span style=\"background-color: rgb(255, 255, 255); color: rgb(17, 17, 17);\">We reserve all rights not expressly granted to you in and to the Services, Content, and Marks.</span></p><p><span style=\"background-color: rgb(255, 255, 255); color: rgb(17, 17, 17);\">Any breach of these Intellectual Property Rights will constitute a material breach of our Legal Terms and your right to use our Services will terminate immediately.</span></p><h3><strong style=\"background-color: rgb(255, 255, 255); color: rgb(17, 17, 17);\">Your submissions</strong></h3><p><span style=\"background-color: rgb(255, 255, 255); color: rgb(17, 17, 17);\">Please review this section and the “</span><a href=\"http://localhost/wordpress/privacy-policy/#prohibited\" rel=\"noopener noreferrer\" target=\"_blank\" style=\"background-color: rgb(255, 255, 255); color: currentcolor;\">PROHIBITED ACTIVITIES</a><span style=\"background-color: rgb(255, 255, 255); color: rgb(17, 17, 17);\">” section carefully prior to using our Services to understand the (a) rights you give us and (b) obligations you have when you post or upload any content through the Services.</span></p><p><strong style=\"background-color: rgb(255, 255, 255); color: rgb(17, 17, 17);\">Submissions:</strong><span style=\"background-color: rgb(255, 255, 255); color: rgb(17, 17, 17);\"> By directly sending us any question, comment, suggestion, idea, feedback, or other information about the Services (“Submissions”), you agree to assign to us all intellectual property rights in such Submission. You agree that we shall own this Submission and be entitled to its unrestricted use and dissemination for any lawful purpose, commercial or otherwise, without acknowledgment or compensation to you.</span></p><p><strong style=\"background-color: rgb(255, 255, 255); color: rgb(17, 17, 17);\">You are responsible for what you post or upload:</strong><span style=\"background-color: rgb(255, 255, 255); color: rgb(17, 17, 17);\"> By sending us Submissions through any part of the Services you:</span></p><ol><li data-list=\"bullet\"><span class=\"ql-ui\" contenteditable=\"false\"></span><span style=\"background-color: rgb(255, 255, 255); color: rgb(17, 17, 17);\">confirm that you have read and agree with our “</span><a href=\"http://localhost/wordpress/privacy-policy/#prohibited\" rel=\"noopener noreferrer\" target=\"_blank\" style=\"background-color: rgb(255, 255, 255); color: currentcolor;\">PROHIBITED ACTIVITIES</a><span style=\"background-color: rgb(255, 255, 255); color: rgb(17, 17, 17);\">” and will not post, send, publish, upload, or transmit through the Services any Submission that is illegal, harassing, hateful, harmful, defamatory, obscene, bullying, abusive, discriminatory, threatening to any person or group, sexually explicit, false, inaccurate, deceitful, or misleading;</span></li><li data-list=\"bullet\"><span class=\"ql-ui\" contenteditable=\"false\"></span><span style=\"background-color: rgb(255, 255, 255); color: rgb(17, 17, 17);\">to the extent permissible by applicable law, waive any and all moral rights to any such Submission;</span></li><li data-list=\"bullet\"><span class=\"ql-ui\" contenteditable=\"false\"></span><span style=\"background-color: rgb(255, 255, 255); color: rgb(17, 17, 17);\">warrant that any such Submission are original to you or that you have the necessary rights and licenses to submit such Submissions and that you have full authority to grant us the above-mentioned rights in relation to your Submissions; and</span></li><li data-list=\"bullet\"><span class=\"ql-ui\" contenteditable=\"false\"></span><span style=\"background-color: rgb(255, 255, 255); color: rgb(17, 17, 17);\">warrant and represent that your Submissions do not constitute confidential information.</span></li></ol><p><span style=\"background-color: rgb(255, 255, 255); color: rgb(17, 17, 17);\">You are solely responsible for your Submissions</span></p><p><span style=\"background-color: rgb(255, 255, 255); color: rgb(17, 17, 17);\">and you expressly agree to reimburse us for any and all losses that we may suffer because of your breach of (a) this section, (b) any third party’s intellectual property rights, or (c) applicable law.</span></p><h2><strong style=\"background-color: rgb(255, 255, 255); color: rgb(17, 17, 17);\">3. USER REPRESENTATIONS</strong></h2><p><span style=\"background-color: rgb(255, 255, 255); color: rgb(17, 17, 17);\">By using the Services, you represent and warrant that: (1) all registration information you submit will be true, accurate, current, and complete; (2) you will maintain the accuracy of such information and promptly update such registration information as necessary; </span></p><p><span style=\"background-color: rgb(255, 255, 255); color: rgb(17, 17, 17);\">(3) you have the legal capacity and you agree to comply with these Legal Terms; (4) you are not a minor in the jurisdiction in which you reside; (5) you will not access the Services through automated or non-human means, whether through a bot, script or otherwise; (6) you will not use the Services for any illegal or unauthorized purpose; and (7) your use of the Services will not violate any applicable law or regulation.</span></p><p><span style=\"background-color: rgb(255, 255, 255); color: rgb(17, 17, 17);\">If you provide any information that is untrue, inaccurate, not current, or incomplete, we have the right to suspend or terminate your account and refuse any and all current or future use of the Services (or any portion thereof).</span></p><h2><strong style=\"background-color: rgb(255, 255, 255); color: rgb(17, 17, 17);\">4. USER REGISTRATION</strong></h2><p><span style=\"background-color: rgb(255, 255, 255); color: rgb(17, 17, 17);\">You may be required to register to use the Services. You agree to keep your password confidential and will be responsible for all use of your account and password. We reserve the right to remove, reclaim, or change a username you select if we determine, in our sole discretion, that such username is inappropriate, obscene, or otherwise objectionable.</span></p><h2><strong style=\"background-color: rgb(255, 255, 255); color: rgb(17, 17, 17);\">5. PRODUCTS</strong></h2><p><span style=\"background-color: rgb(255, 255, 255); color: rgb(17, 17, 17);\">We make every effort to display as accurately as possible the colors, features, specifications, and details of the products available on the Services. However, we do not guarantee that the colors, features, specifications, and details of the products will be accurate, complete, reliable, current, or free of other errors, and your electronic display may not accurately reflect the actual colors and details of the products. All products are subject to availability, and we cannot guarantee that items will be in stock. We reserve the right to discontinue any products at any time for any reason. Prices for all products are subject to change.</span></p><h2><strong style=\"background-color: rgb(255, 255, 255); color: rgb(17, 17, 17);\">6. PURCHASES AND PAYMENT</strong></h2><p><span style=\"background-color: rgb(255, 255, 255); color: rgb(17, 17, 17);\">We accept the following forms of payment:</span></p><p><span style=\"background-color: rgb(255, 255, 255); color: rgb(17, 17, 17);\">–  PayPal</span></p><p><span style=\"background-color: rgb(255, 255, 255); color: rgb(17, 17, 17);\">–  Mastercard</span></p><p><span style=\"background-color: rgb(255, 255, 255); color: rgb(17, 17, 17);\">–  Visa</span></p><p><span style=\"background-color: rgb(255, 255, 255); color: rgb(17, 17, 17);\">You agree to provide current, complete, and accurate purchase and account information for all purchases made via the Services. You further agree to promptly update account and payment information, including email address, payment method, and payment card expiration date, so that we can complete your transactions and contact you as needed. Sales tax will be added to the price of purchases as deemed required by us. We may change prices at any time. All payments shall be in TK.</span></p><p><span style=\"background-color: rgb(255, 255, 255); color: rgb(17, 17, 17);\">You agree to pay all charges at the prices then in effect for your purchases and any applicable shipping fees, and you authorize us to charge your chosen payment provider for any such amounts upon placing your order. We reserve the right to correct any errors or mistakes in pricing, even if we have already requested or received payment.</span></p><p><span style=\"background-color: rgb(255, 255, 255); color: rgb(17, 17, 17);\">We reserve the right to refuse any order placed through the Services. We may, in our sole discretion, limit or cancel quantities purchased per person, per household, or per order. These restrictions may include orders placed by or under the same customer account, the same payment method, and/or orders that use the same billing or shipping address. We reserve the right to limit or prohibit orders that, in our sole judgment, appear to be placed by dealers, resellers, or distributors.</span></p><h2><strong style=\"background-color: rgb(255, 255, 255); color: rgb(17, 17, 17);\">7. RETURN/REFUNDS POLICY</strong></h2><p><span style=\"background-color: rgb(255, 255, 255); color: rgb(17, 17, 17);\">Please review our Return Policy prior to making any purchases: dropcms.com/terms-of-service</span></p><p><span style=\"background-color: rgb(255, 255, 255); color: rgb(17, 17, 17);\">.</span></p><h2><strong style=\"background-color: rgb(255, 255, 255); color: rgb(17, 17, 17);\">8. PROHIBITED ACTIVITIES</strong></h2><p><span style=\"background-color: rgb(255, 255, 255); color: rgb(17, 17, 17);\">You may not access or use the Services for any purpose other than that for which we make the Services available. The Services may not be used in connection with any commercial endeavors except those that are specifically endorsed or approved by us.</span></p><p><span style=\"background-color: rgb(255, 255, 255); color: rgb(17, 17, 17);\">As a user of the Services, you agree not to:</span></p><ol><li data-list=\"bullet\"><span class=\"ql-ui\" contenteditable=\"false\"></span><span style=\"background-color: rgb(255, 255, 255); color: rgb(17, 17, 17);\">Systematically retrieve data or other content from the Services to create or compile, directly or indirectly, a collection, compilation, database, or directory without written permission from us.</span></li><li data-list=\"bullet\"><span class=\"ql-ui\" contenteditable=\"false\"></span><span style=\"background-color: rgb(255, 255, 255); color: rgb(17, 17, 17);\">Trick, defraud, or mislead us and other users, especially in any attempt to learn sensitive account information such as user passwords.</span></li><li data-list=\"bullet\"><span class=\"ql-ui\" contenteditable=\"false\"></span><span style=\"background-color: rgb(255, 255, 255); color: rgb(17, 17, 17);\">Circumvent, disable, or otherwise interfere with security-related features of the Services, including features that prevent or restrict the use or copying of any Content or enforce limitations on the use of the Services and/or the Content contained therein.</span></li><li data-list=\"bullet\"><span class=\"ql-ui\" contenteditable=\"false\"></span><span style=\"background-color: rgb(255, 255, 255); color: rgb(17, 17, 17);\">Disparage, tarnish, or otherwise harm, in our opinion, us and/or the Services.</span></li><li data-list=\"bullet\"><span class=\"ql-ui\" contenteditable=\"false\"></span><span style=\"background-color: rgb(255, 255, 255); color: rgb(17, 17, 17);\">Use any information obtained from the Services in order to harass, abuse, or harm another person.</span></li><li data-list=\"bullet\"><span class=\"ql-ui\" contenteditable=\"false\"></span><span style=\"background-color: rgb(255, 255, 255); color: rgb(17, 17, 17);\">Make improper use of our support services or submit false reports of abuse or misconduct.</span></li><li data-list=\"bullet\"><span class=\"ql-ui\" contenteditable=\"false\"></span><span style=\"background-color: rgb(255, 255, 255); color: rgb(17, 17, 17);\">Use the Services in a manner inconsistent with any applicable laws or regulations.</span></li><li data-list=\"bullet\"><span class=\"ql-ui\" contenteditable=\"false\"></span><span style=\"background-color: rgb(255, 255, 255); color: rgb(17, 17, 17);\">Engage in unauthorized framing of or linking to the Services.</span></li><li data-list=\"bullet\"><span class=\"ql-ui\" contenteditable=\"false\"></span><span style=\"background-color: rgb(255, 255, 255); color: rgb(17, 17, 17);\">Upload or transmit (or attempt to upload or to transmit) viruses, Trojan horses, or other material, including excessive use of capital letters and spamming (continuous posting of repetitive text), that interferes with any party’s uninterrupted use and enjoyment of the Services or modifies, impairs, disrupts, alters, or interferes with the use, features, functions, operation, or maintenance of the Services.</span></li><li data-list=\"bullet\"><span class=\"ql-ui\" contenteditable=\"false\"></span><span style=\"background-color: rgb(255, 255, 255); color: rgb(17, 17, 17);\">Engage in any automated use of the system, such as using scripts to send comments or messages, or using any data mining, robots, or similar data gathering and extraction tools.</span></li><li data-list=\"bullet\"><span class=\"ql-ui\" contenteditable=\"false\"></span><span style=\"background-color: rgb(255, 255, 255); color: rgb(17, 17, 17);\">Delete the copyright or other proprietary rights notice from any Content.</span></li><li data-list=\"bullet\"><span class=\"ql-ui\" contenteditable=\"false\"></span><span style=\"background-color: rgb(255, 255, 255); color: rgb(17, 17, 17);\">Attempt to impersonate another user or person or use the username of another user.</span></li><li data-list=\"bullet\"><span class=\"ql-ui\" contenteditable=\"false\"></span><span style=\"background-color: rgb(255, 255, 255); color: rgb(17, 17, 17);\">Upload or transmit (or attempt to upload or to transmit) any material that acts as a passive or active information collection or transmission mechanism, including without limitation, clear graphics interchange formats (“gifs”), 1×1 pixels, web bugs, cookies, or other similar devices (sometimes referred to as “spyware” or “passive collection mechanisms” or “pcms”).</span></li><li data-list=\"bullet\"><span class=\"ql-ui\" contenteditable=\"false\"></span><span style=\"background-color: rgb(255, 255, 255); color: rgb(17, 17, 17);\">Interfere with, disrupt, or create an undue burden on the Services or the networks or services connected to the Services.</span></li><li data-list=\"bullet\"><span class=\"ql-ui\" contenteditable=\"false\"></span><span style=\"background-color: rgb(255, 255, 255); color: rgb(17, 17, 17);\">Harass, annoy, intimidate, or threaten any of our employees or agents engaged in providing any portion of the Services to you.</span></li><li data-list=\"bullet\"><span class=\"ql-ui\" contenteditable=\"false\"></span><span style=\"background-color: rgb(255, 255, 255); color: rgb(17, 17, 17);\">Attempt to bypass any measures of the Services designed to prevent or restrict access to the Services, or any portion of the Services.</span></li><li data-list=\"bullet\"><span class=\"ql-ui\" contenteditable=\"false\"></span><span style=\"background-color: rgb(255, 255, 255); color: rgb(17, 17, 17);\">Copy or adapt the Services’ software, including but not limited to Flash, PHP, HTML, JavaScript, or other code.</span></li><li data-list=\"bullet\"><span class=\"ql-ui\" contenteditable=\"false\"></span><span style=\"background-color: rgb(255, 255, 255); color: rgb(17, 17, 17);\">Except as permitted by applicable law, decipher, decompile, disassemble, or reverse engineer any of the software comprising or in any way making up a part of the Services.</span></li><li data-list=\"bullet\"><span class=\"ql-ui\" contenteditable=\"false\"></span><span style=\"background-color: rgb(255, 255, 255); color: rgb(17, 17, 17);\">Except as may be the result of standard search engine or Internet browser usage, use, launch, develop, or distribute any automated system, including without limitation, any spider, robot, cheat utility, scraper, or offline reader that accesses the Services, or use or launch any unauthorized script or other software.</span></li><li data-list=\"bullet\"><span class=\"ql-ui\" contenteditable=\"false\"></span><span style=\"background-color: rgb(255, 255, 255); color: rgb(17, 17, 17);\">Use a buying agent or purchasing agent to make purchases on the Services.</span></li><li data-list=\"bullet\"><span class=\"ql-ui\" contenteditable=\"false\"></span><span style=\"background-color: rgb(255, 255, 255); color: rgb(17, 17, 17);\">Make any unauthorized use of the Services, including collecting usernames and/or email addresses of users by electronic or other means for the purpose of sending unsolicited email, or creating user accounts by automated means or under false pretenses.</span></li><li data-list=\"bullet\"><span class=\"ql-ui\" contenteditable=\"false\"></span><span style=\"background-color: rgb(255, 255, 255); color: rgb(17, 17, 17);\">Use the Services as part of any effort to compete with us or otherwise use the Services and/or the Content for any revenue-generating endeavor or commercial enterprise.</span></li></ol><h2><strong style=\"background-color: rgb(255, 255, 255); color: rgb(17, 17, 17);\">9. USER GENERATED CONTRIBUTIONS</strong></h2><p><span style=\"background-color: rgb(255, 255, 255); color: rgb(17, 17, 17);\">The Services does not offer users to submit or post content. We may provide you with the opportunity to create, submit, post, display, transmit, perform, publish, distribute, or broadcast content and materials to us or on the Services, including but not limited to text, writings, video, audio, photographs, graphics, comments, suggestions, or personal information or other material (collectively, “Contributions”). Contributions may be viewable by other users of the Services and through third-party websites. As such, any Contributions you transmit may be treated in accordance with the Services’ Privacy Policy. When you create or make available any Contributions, you thereby represent and warrant that:</span></p><h2><strong style=\"background-color: rgb(255, 255, 255); color: rgb(17, 17, 17);\">10. CONTRIBUTION LICENSE</strong></h2><p><span style=\"background-color: rgb(255, 255, 255); color: rgb(17, 17, 17);\">You and Services agree that we may access, store, process, and use any information and personal data that you provide following the terms of the Privacy Policy and your choices (including settings).</span></p><p><span style=\"background-color: rgb(255, 255, 255); color: rgb(17, 17, 17);\">By submitting suggestions or other feedback regarding the Services, you agree that we can use and share such feedback for any purpose without compensation to you.</span></p><p><span style=\"background-color: rgb(255, 255, 255); color: rgb(17, 17, 17);\">We do not assert any ownership over your Contributions. You retain full ownership of all of your Contributions and any intellectual property rights or other proprietary rights associated with your Contributions. We are not liable for any statements or representations in your Contributions provided by you in any area on the Services. You are solely responsible for your Contributions to the Services and you expressly agree to exonerate us from any and all responsibility and to refrain from any legal action against us regarding your Contributions.</span></p><h2><strong style=\"background-color: rgb(255, 255, 255); color: rgb(17, 17, 17);\">11. GUIDELINES FOR REVIEWS</strong></h2><p><span style=\"background-color: rgb(255, 255, 255); color: rgb(17, 17, 17);\">We may provide you areas on the Services to leave reviews or ratings. When posting a review, you must comply with the following criteria: (1) you should have firsthand experience with the person/entity being reviewed; (2) your reviews should not contain offensive profanity, or abusive, racist, offensive, or hateful language; (3) your reviews should not contain discriminatory references based on religion, race, gender, national origin, age, marital status, sexual orientation, or disability; (4) your reviews should not contain references to illegal activity; (5) you should not be affiliated with competitors if posting negative reviews; (6) you should not make any conclusions as to the legality of conduct; (7) you may not post any false or misleading statements; and (8) you may not organize a campaign encouraging others to post reviews, whether positive or negative.</span></p><p><span style=\"background-color: rgb(255, 255, 255); color: rgb(17, 17, 17);\">We may accept, reject, or remove reviews in our sole discretion. We have absolutely no obligation to screen reviews or to delete reviews, even if anyone considers reviews objectionable or inaccurate. Reviews are not endorsed by us, and do not necessarily represent our opinions or the views of any of our affiliates or partners. We do not assume liability for any review or for any claims, liabilities, or losses resulting from any review. By posting a review, you hereby grant to us a perpetual, non-exclusive, worldwide, royalty-free, fully paid, assignable, and sublicensable right and license to reproduce, modify, translate, transmit by any means, display, perform, and/or distribute all content relating to review.</span></p><h2><strong style=\"background-color: rgb(255, 255, 255); color: rgb(17, 17, 17);\">12. SOCIAL MEDIA</strong></h2><p><span style=\"background-color: rgb(255, 255, 255); color: rgb(17, 17, 17);\">As part of the functionality of the Services, you may link your account with online accounts you have with third-party service providers (each such account, a “Third-Party Account”) by either: (1) providing your Third-Party Account login information through the Services; or (2) allowing us to access your Third-Party Account, as is permitted under the applicable terms and conditions that govern your use of each Third-Party Account. You represent and warrant that you are entitled to disclose your Third-Party Account login information to us and/or grant us access to your Third-Party Account, without breach by you of any of the terms and conditions that govern your use of the applicable Third-Party Account, and without obligating us to pay any fees or making us subject to any usage limitations imposed by the third-party service provider of the Third-Party Account. By granting us access to any Third-Party Accounts, you understand that (1) we may access, make available, and store (if applicable) any content that you have provided to and stored in your Third-Party Account (the “Social Network Content”) so that it is available on and through the Services via your account, including without limitation any friend lists and (2) we may submit to and receive from your Third-Party Account additional information to the extent you are notified when you link your account with the Third-Party Account. Depending on the Third-Party Accounts you choose and subject to the privacy settings that you have set in such Third-Party Accounts, personally identifiable information that you post to your Third-Party Accounts may be available on and through your account on the Services. Please note that if a Third-Party Account or associated service becomes unavailable or our access to such Third-Party Account is terminated by the third-party service provider, then Social Network Content may no longer be available on and through the Services. You will have the ability to disable the connection between your account on the Services and your Third-Party Accounts at any time. PLEASE NOTE THAT YOUR RELATIONSHIP WITH THE THIRD-PARTY SERVICE PROVIDERS ASSOCIATED WITH YOUR THIRD-PARTY ACCOUNTS IS GOVERNED SOLELY BY YOUR AGREEMENT(S) WITH SUCH THIRD-PARTY SERVICE PROVIDERS. We make no effort to review any Social Network Content for any purpose, including but not limited to, for accuracy, legality, or non-infringement, and we are not responsible for any Social Network Content. You acknowledge and agree that we may access your email address book associated with a Third-Party Account and your contacts list stored on your mobile device or tablet computer solely for purposes of identifying and informing you of those contacts who have also registered to use the Services. You can deactivate the connection between the Services and your Third-Party Account by contacting us using the contact information below or through your account settings (if applicable). We will attempt to delete any information stored on our servers that was obtained through such Third-Party Account, except the username and profile picture that become associated with your account.</span></p><h2><strong style=\"background-color: rgb(255, 255, 255); color: rgb(17, 17, 17);\">13. SERVICES MANAGEMENT</strong></h2><p><span style=\"background-color: rgb(255, 255, 255); color: rgb(17, 17, 17);\">We reserve the right, but not the obligation, to: (1) monitor the Services for violations of these Legal Terms; (2) take appropriate legal action against anyone who, in our sole discretion, violates the law or these Legal Terms, including without limitation, reporting such user to law enforcement authorities; (3) in our sole discretion and without limitation, refuse, restrict access to, limit the availability of, or disable (to the extent technologically feasible) any of your Contributions or any portion thereof; (4) in our sole discretion and without limitation, notice, or liability, to remove from the Services or otherwise disable all files and content that are excessive in size or are in any way burdensome to our systems; and (5) otherwise manage the Services in a manner designed to protect our rights and property and to facilitate the proper functioning of the Services.</span></p><h2><strong style=\"background-color: rgb(255, 255, 255); color: rgb(17, 17, 17);\">14. PRIVACY POLICY</strong></h2><p><span style=\"background-color: rgb(255, 255, 255); color: rgb(17, 17, 17);\">We care about data privacy and security. Please review our Privacy Policy:</span><strong style=\"background-color: rgb(255, 255, 255); color: rgb(17, 17, 17);\"> __________</strong><span style=\"background-color: rgb(255, 255, 255); color: rgb(17, 17, 17);\">. By using the Services, you agree to be bound by our Privacy Policy, which is incorporated into these Legal Terms. Please be advised the Services are hosted in __________. If you access the Services from any other region of the world with laws or other requirements governing personal data collection, use, or disclosure that differ from applicable laws in __________, then through your continued use of the Services, you are transferring your data to __________, and you expressly consent to have your data transferred to and processed in __________.</span></p><h2><strong style=\"background-color: rgb(255, 255, 255); color: rgb(17, 17, 17);\">15. TERM AND TERMINATION</strong></h2><p><span style=\"background-color: rgb(255, 255, 255); color: rgb(17, 17, 17);\">These Legal Terms shall remain in full force and effect while you use the Services. WITHOUT LIMITING ANY OTHER PROVISION OF THESE LEGAL TERMS, WE RESERVE THE RIGHT TO, IN OUR SOLE DISCRETION AND WITHOUT NOTICE OR LIABILITY, DENY ACCESS TO AND USE OF THE SERVICES (INCLUDING BLOCKING CERTAIN IP ADDRESSES), TO ANY PERSON FOR ANY REASON OR FOR NO REASON, INCLUDING WITHOUT LIMITATION FOR BREACH OF ANY REPRESENTATION, WARRANTY, OR COVENANT CONTAINED IN THESE LEGAL TERMS OR OF ANY APPLICABLE LAW OR REGULATION. WE MAY TERMINATE YOUR USE OR PARTICIPATION IN THE SERVICES OR DELETE YOUR ACCOUNT AND ANY CONTENT OR INFORMATION THAT YOU POSTED AT ANY TIME, WITHOUT WARNING, IN OUR SOLE DISCRETION.</span></p><p><span style=\"background-color: rgb(255, 255, 255); color: rgb(17, 17, 17);\">If we terminate or suspend your account for any reason, you are prohibited from registering and creating a new account under your name, a fake or borrowed name, or the name of any third party, even if you may be acting on behalf of the third party. In addition to terminating or suspending your account, we reserve the right to take appropriate legal action, including without limitation pursuing civil, criminal, and injunctive redress.</span></p><h2><strong style=\"background-color: rgb(255, 255, 255); color: rgb(17, 17, 17);\">16. MODIFICATIONS AND INTERRUPTIONS</strong></h2><p><span style=\"background-color: rgb(255, 255, 255); color: rgb(17, 17, 17);\">We reserve the right to change, modify, or remove the contents of the Services at any time or for any reason at our sole discretion without notice. However, we have no obligation to update any information on our Services. We also reserve the right to modify or discontinue all or part of the Services without notice at any time. We will not be liable to you or any third party for any modification, price change, suspension, or discontinuance of the Services.</span></p><p><span style=\"background-color: rgb(255, 255, 255); color: rgb(17, 17, 17);\">We cannot guarantee the Services will be available at all times. We may experience hardware, software, or other problems or need to perform maintenance related to the Services, resulting in interruptions, delays, or errors. We reserve the right to change, revise, update, suspend, discontinue, or otherwise modify the Services at any time or for any reason without notice to you. You agree that we have no liability whatsoever for any loss, damage, or inconvenience caused by your inability to access or use the Services during any downtime or discontinuance of the Services. Nothing in these Legal Terms will be construed to obligate us to maintain and support the Services or to supply any corrections, updates, or releases in connection therewith.</span></p><h2><strong style=\"background-color: rgb(255, 255, 255); color: rgb(17, 17, 17);\">17. GOVERNING LAW</strong></h2><p><span style=\"background-color: rgb(255, 255, 255); color: rgb(17, 17, 17);\">These Legal Terms shall be governed by and defined following the laws of __________. __________ and yourself irrevocably consent that the courts of __________ shall have exclusive jurisdiction to resolve any dispute which may arise in connection with these Legal Terms.</span></p><h2><strong style=\"background-color: rgb(255, 255, 255); color: rgb(17, 17, 17);\">18. DISPUTE RESOLUTION</strong></h2><h3><strong style=\"background-color: rgb(255, 255, 255); color: rgb(17, 17, 17);\">Informal Negotiations</strong></h3><p><span style=\"background-color: rgb(255, 255, 255); color: rgb(17, 17, 17);\">To expedite resolution and control the cost of any dispute, controversy, or claim related to these Legal Terms (each a “Dispute” and collectively, the “Disputes”) brought by either you or us (individually, a “Party” and collectively, the “Parties”), the Parties agree to first attempt to negotiate any Dispute (except those Disputes expressly provided below) informally for at least __________ days before initiating arbitration. Such informal negotiations commence upon written notice from one Party to the other Party.</span></p><h3><strong style=\"background-color: rgb(255, 255, 255); color: rgb(17, 17, 17);\">Binding Arbitration</strong></h3><p><span style=\"background-color: rgb(255, 255, 255); color: rgb(17, 17, 17);\">Any dispute arising out of or in connection with these Legal Terms, including any question regarding its existence, validity, or termination, shall be referred to and finally resolved by the International Commercial Arbitration Court under the European Arbitration Chamber (Belgium, Brussels, Avenue Louise, 146) according to the Rules of this ICAC, which, as a result of referring to it, is considered as the part of this clause. The number of arbitrators shall be __________</span></p><p><span style=\"background-color: rgb(255, 255, 255); color: rgb(17, 17, 17);\">. The seat, or legal place, or arbitration shall be __________</span></p><p><span style=\"background-color: rgb(255, 255, 255); color: rgb(17, 17, 17);\">. The language of the proceedings shall be __________</span></p><p><span style=\"background-color: rgb(255, 255, 255); color: rgb(17, 17, 17);\">. The governing law of these Legal Terms shall be substantive law of __________</span></p><p><span style=\"background-color: rgb(255, 255, 255); color: rgb(17, 17, 17);\">.</span></p><h3><strong style=\"background-color: rgb(255, 255, 255); color: rgb(17, 17, 17);\">Restrictions</strong></h3><p><span style=\"background-color: rgb(255, 255, 255); color: rgb(17, 17, 17);\">The Parties agree that any arbitration shall be limited to the Dispute between the Parties individually. To the full extent permitted by law, (a) no arbitration shall be joined with any other proceeding; (b) there is no right or authority for any Dispute to be arbitrated on a class-action basis or to</span></p><p><span style=\"background-color: rgb(255, 255, 255); color: rgb(17, 17, 17);\">utilize</span></p><p><span style=\"background-color: rgb(255, 255, 255); color: rgb(17, 17, 17);\">class action procedures; and (c) there is no right or authority for any Dispute to be brought in a purported representative capacity on behalf of the general public or any other persons.</span></p><h3><strong style=\"background-color: rgb(255, 255, 255); color: rgb(17, 17, 17);\">Exceptions to Informal Negotiations and Arbitration</strong></h3><p><span style=\"background-color: rgb(255, 255, 255); color: rgb(17, 17, 17);\">The Parties agree that the following Disputes are not subject to the above provisions concerning informal negotiations binding arbitration: (a) any Disputes seeking to enforce or protect, or concerning the validity of, any of the intellectual property rights of a Party; (b) any Dispute related to, or arising from, allegations of theft, piracy, invasion of privacy, or</span></p><p><span style=\"background-color: rgb(255, 255, 255); color: rgb(17, 17, 17);\">unauthorized</span></p><p><span style=\"background-color: rgb(255, 255, 255); color: rgb(17, 17, 17);\">use; and (c) any claim for injunctive relief. If this provision is found to be illegal or unenforceable, then neither Party will elect to arbitrate any Dispute falling within that portion of this provision found to be illegal or unenforceable and such Dispute shall be decided by a court of competent jurisdiction within the courts listed for jurisdiction above, and the Parties agree to submit to the personal jurisdiction of that court.</span></p><h2><strong style=\"background-color: rgb(255, 255, 255); color: rgb(17, 17, 17);\">19. CORRECTIONS</strong></h2><p><span style=\"background-color: rgb(255, 255, 255); color: rgb(17, 17, 17);\">There may be information on the Services that contains typographical errors, inaccuracies, or omissions, including descriptions, pricing, availability, and various other information. We reserve the right to correct any errors, inaccuracies, or omissions and to change or update the information on the Services at any time, without prior notice.</span></p><h2><strong style=\"background-color: rgb(255, 255, 255); color: rgb(17, 17, 17);\">20. DISCLAIMER</strong></h2><p><span style=\"background-color: rgb(255, 255, 255); color: rgb(17, 17, 17);\">THE SERVICES ARE PROVIDED ON AN AS-IS AND AS-AVAILABLE BASIS. YOU AGREE THAT YOUR USE OF THE SERVICES WILL BE AT YOUR SOLE RISK. TO THE FULLEST EXTENT PERMITTED BY LAW, WE DISCLAIM ALL WARRANTIES, EXPRESS OR IMPLIED, IN CONNECTION WITH THE SERVICES AND YOUR USE THEREOF, INCLUDING, WITHOUT LIMITATION, THE IMPLIED WARRANTIES OF MERCHANTABILITY, FITNESS FOR A PARTICULAR PURPOSE, AND NON-INFRINGEMENT. WE MAKE NO WARRANTIES OR REPRESENTATIONS ABOUT THE ACCURACY OR COMPLETENESS OF THE SERVICES’ CONTENT OR THE CONTENT OF ANY WEBSITES OR MOBILE APPLICATIONS LINKED TO THE SERVICES AND WE WILL ASSUME NO LIABILITY OR RESPONSIBILITY FOR ANY (1) ERRORS, MISTAKES, OR INACCURACIES OF CONTENT AND MATERIALS, (2) PERSONAL INJURY OR PROPERTY DAMAGE, OF ANY NATURE WHATSOEVER, RESULTING FROM YOUR ACCESS TO AND USE OF THE SERVICES, (3) ANY UNAUTHORIZED ACCESS TO OR USE OF OUR SECURE SERVERS AND/OR ANY AND ALL PERSONAL INFORMATION AND/OR FINANCIAL INFORMATION STORED THEREIN, (4) ANY INTERRUPTION OR CESSATION OF TRANSMISSION TO OR FROM THE SERVICES, (5) ANY BUGS, VIRUSES, TROJAN HORSES, OR THE LIKE WHICH MAY BE TRANSMITTED TO OR THROUGH THE SERVICES BY ANY THIRD PARTY, AND/OR (6) ANY ERRORS OR OMISSIONS IN ANY CONTENT AND MATERIALS OR FOR ANY LOSS OR DAMAGE OF ANY KIND INCURRED AS A RESULT OF THE USE OF ANY CONTENT POSTED, TRANSMITTED, OR OTHERWISE MADE AVAILABLE VIA THE SERVICES. WE DO NOT WARRANT, ENDORSE, GUARANTEE, OR ASSUME RESPONSIBILITY FOR ANY PRODUCT OR SERVICE ADVERTISED OR OFFERED BY A THIRD PARTY THROUGH THE SERVICES, ANY HYPERLINKED WEBSITE, OR ANY WEBSITE OR MOBILE APPLICATION FEATURED IN ANY BANNER OR OTHER ADVERTISING, AND WE WILL NOT BE A PARTY TO OR IN ANY WAY BE RESPONSIBLE FOR MONITORING ANY TRANSACTION BETWEEN YOU AND ANY THIRD-PARTY PROVIDERS OF PRODUCTS OR SERVICES. AS WITH THE PURCHASE OF A PRODUCT OR SERVICE THROUGH ANY MEDIUM OR IN ANY ENVIRONMENT, YOU SHOULD USE YOUR BEST JUDGMENT AND EXERCISE CAUTION WHERE APPROPRIATE.</span></p><h2><strong style=\"background-color: rgb(255, 255, 255); color: rgb(17, 17, 17);\">21. LIMITATIONS OF LIABILITY</strong></h2><p><span style=\"background-color: rgb(255, 255, 255); color: rgb(17, 17, 17);\">IN NO EVENT WILL WE OR OUR DIRECTORS, EMPLOYEES, OR AGENTS BE LIABLE TO YOU OR ANY THIRD PARTY FOR ANY DIRECT, INDIRECT, CONSEQUENTIAL, EXEMPLARY, INCIDENTAL, SPECIAL, OR PUNITIVE DAMAGES, INCLUDING LOST PROFIT, LOST REVENUE, LOSS OF DATA, OR OTHER DAMAGES ARISING FROM YOUR USE OF THE SERVICES, EVEN IF WE HAVE BEEN ADVISED OF THE POSSIBILITY OF SUCH DAMAGES. NOTWITHSTANDING ANYTHING TO THE CONTRARY CONTAINED HEREIN, OUR LIABILITY TO YOU FOR ANY CAUSE WHATSOEVER AND REGARDLESS OF THE FORM OF THE ACTION, WILL AT ALL TIMES BE LIMITED TO THE LESSER OF THE AMOUNT PAID, IF ANY, BY YOU TO US OR . CERTAIN US STATE LAWS AND INTERNATIONAL LAWS DO NOT ALLOW LIMITATIONS ON IMPLIED WARRANTIES OR THE EXCLUSION OR LIMITATION OF CERTAIN DAMAGES. IF THESE LAWS APPLY TO YOU, SOME OR ALL OF THE ABOVE DISCLAIMERS OR LIMITATIONS MAY NOT APPLY TO YOU, AND YOU MAY HAVE ADDITIONAL RIGHTS.</span></p><h2><strong style=\"background-color: rgb(255, 255, 255); color: rgb(17, 17, 17);\">22. INDEMNIFICATION</strong></h2><p><span style=\"background-color: rgb(255, 255, 255); color: rgb(17, 17, 17);\">You agree to defend, indemnify, and hold us harmless, including our subsidiaries, affiliates, and all of our respective officers, agents, partners, and employees, from and against any loss, damage, liability, claim, or demand, including reasonable attorneys’ fees and expenses, made by any third party due to or arising out of: (1) use of the Services; (2) breach of these Legal Terms; (3) any breach of your representations and warranties set forth in these Legal Terms; (4) your violation of the rights of a third party, including but not limited to intellectual property rights; or (5) any overt harmful act toward any other user of the Services with whom you connected via the Services. Notwithstanding the foregoing, we reserve the right, at your expense, to assume the exclusive defense and control of any matter for which you are required to indemnify us, and you agree to cooperate, at your expense, with our defense of such claims. We will use reasonable efforts to notify you of any such claim, action, or proceeding which is subject to this indemnification upon becoming aware of it.</span></p><h2><strong style=\"background-color: rgb(255, 255, 255); color: rgb(17, 17, 17);\">23. USER DATA</strong></h2><p><span style=\"background-color: rgb(255, 255, 255); color: rgb(17, 17, 17);\">We will maintain certain data that you transmit to the Services for the purpose of managing the performance of the Services, as well as data relating to your use of the Services. Although we perform regular routine backups of data, you are solely responsible for all data that you transmit or that relates to any activity you have undertaken using the Services. You agree that we shall have no liability to you for any loss or corruption of any such data, and you hereby waive any right of action against us arising from any such loss or corruption of such data.</span></p><h2><strong style=\"background-color: rgb(255, 255, 255); color: rgb(17, 17, 17);\">24. ELECTRONIC COMMUNICATIONS, TRANSACTIONS, AND SIGNATURES</strong></h2><p><span style=\"background-color: rgb(255, 255, 255); color: rgb(17, 17, 17);\">Visiting the Services, sending us emails, and completing online forms constitute electronic communications. You consent to receive electronic communications, and you agree that all agreements, notices, disclosures, and other communications we provide to you electronically, via email and on the Services, satisfy any legal requirement that such communication be in writing. YOU HEREBY AGREE TO THE USE OF ELECTRONIC SIGNATURES, CONTRACTS, ORDERS, AND OTHER RECORDS, AND TO ELECTRONIC DELIVERY OF NOTICES, POLICIES, AND RECORDS OF TRANSACTIONS INITIATED OR COMPLETED BY US OR VIA THE SERVICES. You hereby waive any rights or requirements under any statutes, regulations, rules, ordinances, or other laws in any jurisdiction which require an original signature or delivery or retention of non-electronic records, or to payments or the granting of credits by any means other than electronic means.</span></p><h2><strong style=\"background-color: rgb(255, 255, 255); color: rgb(17, 17, 17);\">25. MISCELLANEOUS</strong></h2><p><span style=\"background-color: rgb(255, 255, 255); color: rgb(17, 17, 17);\">These Legal Terms and any policies or operating rules posted by us on the Services or in respect to the Services constitute the entire agreement and understanding between you and us. Our failure to exercise or enforce any right or provision of these Legal Terms shall not operate as a waiver of such right or provision. These Legal Terms operate to the fullest extent permissible by law. We may assign any or all of our rights and obligations to others at any time. We shall not be responsible or liable for any loss, damage, delay, or failure to act caused by any cause beyond our reasonable control. If any provision or part of a provision of these Legal Terms is determined to be unlawful, void, or unenforceable, that provision or part of the provision is deemed severable from these Legal Terms and does not affect the validity and enforceability of any remaining provisions. There is no joint venture, partnership, employment or agency relationship created between you and us as a result of these Legal Terms or use of the Services. You agree that these Legal Terms will not be construed against us by virtue of having drafted them. You hereby waive any and all defenses you may have based on the electronic form of these Legal Terms and the lack of signing by the parties hereto to execute these Legal Terms.</span></p><h2><strong style=\"background-color: rgb(255, 255, 255); color: rgb(17, 17, 17);\">26. CONTACT US</strong></h2><p><span style=\"background-color: rgb(255, 255, 255); color: rgb(17, 17, 17);\">In order to resolve a complaint regarding the Services or to receive further information regarding use of the Services, please contact us at:</span></p><p><strong style=\"background-color: rgb(255, 255, 255); color: rgb(17, 17, 17);\">__________</strong></p><p><strong style=\"background-color: rgb(255, 255, 255); color: rgb(17, 17, 17);\">Dhaka, bangladesh</strong></p><p><strong style=\"background-color: rgb(255, 255, 255); color: rgb(17, 17, 17);\">Dhaka, Dhaka 1212</strong></p><p><strong style=\"background-color: rgb(255, 255, 255); color: rgb(17, 17, 17);\">Bangladesh</strong></p><p><strong style=\"background-color: rgb(255, 255, 255); color: rgb(17, 17, 17);\">cms@dropcms.com</strong></p><p><br></p>', '2025-03-05 08:58:36', '2025-03-05 08:58:36', 'admin', 0, 2);
INSERT INTO `pages` (`id`, `title`, `photo`, `identifier`, `content`, `createdAt`, `updatedAt`, `createdBy`, `deleted`, `status`) VALUES
(4, 'Terms of Service', '', 'terms-of-service', '<p><strong style=\"background-color: rgb(255, 255, 255); color: rgb(17, 17, 17);\">Last updatedApril 11, 2025</strong></p><h2><strong style=\"background-color: rgb(255, 255, 255); color: rgb(17, 17, 17);\">AGREEMENT TO OUR LEGAL TERMS</strong></h2><p><span style=\"background-color: rgb(255, 255, 255); color: rgb(17, 17, 17);\">We are __________ (“</span><strong style=\"background-color: rgb(255, 255, 255); color: rgb(17, 17, 17);\">Company</strong><span style=\"background-color: rgb(255, 255, 255); color: rgb(17, 17, 17);\">,” “</span><strong style=\"background-color: rgb(255, 255, 255); color: rgb(17, 17, 17);\">we</strong><span style=\"background-color: rgb(255, 255, 255); color: rgb(17, 17, 17);\">,” “</span><strong style=\"background-color: rgb(255, 255, 255); color: rgb(17, 17, 17);\">us</strong><span style=\"background-color: rgb(255, 255, 255); color: rgb(17, 17, 17);\">,” “</span><strong style=\"background-color: rgb(255, 255, 255); color: rgb(17, 17, 17);\">our</strong><span style=\"background-color: rgb(255, 255, 255); color: rgb(17, 17, 17);\">“).</span></p><p><span style=\"background-color: rgb(255, 255, 255); color: rgb(17, 17, 17);\">We operate the website dropcms.com (the “</span><strong style=\"background-color: rgb(255, 255, 255); color: rgb(17, 17, 17);\">Site</strong><span style=\"background-color: rgb(255, 255, 255); color: rgb(17, 17, 17);\">“), as well as any other related products and services that refer or link to these legal terms (the “</span><strong style=\"background-color: rgb(255, 255, 255); color: rgb(17, 17, 17);\">Legal Terms</strong><span style=\"background-color: rgb(255, 255, 255); color: rgb(17, 17, 17);\">“) (collectively, the “</span><strong style=\"background-color: rgb(255, 255, 255); color: rgb(17, 17, 17);\">Services</strong><span style=\"background-color: rgb(255, 255, 255); color: rgb(17, 17, 17);\">“).</span></p><p><span style=\"background-color: rgb(255, 255, 255); color: rgb(17, 17, 17);\">You can contact us by email at cms@dropcms.com or by mail to Dhaka, bangladesh, Dhaka, Dhaka 1212, Bangladesh.</span></p><p><span style=\"background-color: rgb(255, 255, 255); color: rgb(17, 17, 17);\">These Legal Terms constitute a legally binding agreement made between you, whether personally or on behalf of an entity (“</span><strong style=\"background-color: rgb(255, 255, 255); color: rgb(17, 17, 17);\">you</strong><span style=\"background-color: rgb(255, 255, 255); color: rgb(17, 17, 17);\">“), and __________, concerning your access to and use of the Services. You agree that by accessing the Services, you have read, understood, and agreed to be bound by all of these Legal Terms. IF YOU DO NOT AGREE WITH ALL OF THESE LEGAL TERMS, THEN YOU ARE EXPRESSLY PROHIBITED FROM USING THE SERVICES AND YOU MUST DISCONTINUE USE IMMEDIATELY.</span></p><p><span style=\"background-color: rgb(255, 255, 255); color: rgb(17, 17, 17);\">Supplemental terms and conditions or documents that may be posted on the Services from time to time are hereby expressly incorporated herein by reference. We reserve the right, in our sole discretion, to make changes or modifications to these Legal Terms at any time and for any reason. We will alert you about any changes by updating the “Last updated” date of these Legal Terms, and you waive any right to receive specific notice of each such change. It is your responsibility to periodically review these Legal Terms to stay informed of updates. You will be subject to, and will be deemed to have been made aware of and to have accepted, the changes in any revised Legal Terms by your continued use of the Services after the date such revised Legal Terms are posted.</span></p><p><span style=\"background-color: rgb(255, 255, 255); color: rgb(17, 17, 17);\">We recommend that you print a copy of these Legal Terms for your records.</span></p><h2><strong style=\"background-color: rgb(255, 255, 255); color: rgb(17, 17, 17);\">TABLE OF CONTENTS</strong></h2><ol><li data-list=\"ordered\"><span class=\"ql-ui\" contenteditable=\"false\"></span><a href=\"http://localhost/wordpress/privacy-policy/#services\" rel=\"noopener noreferrer\" target=\"_blank\" style=\"background-color: rgb(255, 255, 255); color: currentcolor;\">OUR SERVICES</a></li><li data-list=\"ordered\"><span class=\"ql-ui\" contenteditable=\"false\"></span><a href=\"http://localhost/wordpress/privacy-policy/#ip\" rel=\"noopener noreferrer\" target=\"_blank\" style=\"background-color: rgb(255, 255, 255); color: currentcolor;\">INTELLECTUAL PROPERTY RIGHTS</a></li><li data-list=\"ordered\"><span class=\"ql-ui\" contenteditable=\"false\"></span><a href=\"http://localhost/wordpress/privacy-policy/#userreps\" rel=\"noopener noreferrer\" target=\"_blank\" style=\"background-color: rgb(255, 255, 255); color: currentcolor;\">USER REPRESENTATIONS</a></li><li data-list=\"ordered\"><span class=\"ql-ui\" contenteditable=\"false\"></span><a href=\"http://localhost/wordpress/privacy-policy/#userreg\" rel=\"noopener noreferrer\" target=\"_blank\" style=\"background-color: rgb(255, 255, 255); color: currentcolor;\">USER REGISTRATION</a></li><li data-list=\"ordered\"><span class=\"ql-ui\" contenteditable=\"false\"></span><a href=\"http://localhost/wordpress/privacy-policy/#products\" rel=\"noopener noreferrer\" target=\"_blank\" style=\"background-color: rgb(255, 255, 255); color: currentcolor;\">PRODUCTS</a></li><li data-list=\"ordered\"><span class=\"ql-ui\" contenteditable=\"false\"></span><a href=\"http://localhost/wordpress/privacy-policy/#purchases\" rel=\"noopener noreferrer\" target=\"_blank\" style=\"background-color: rgb(255, 255, 255); color: currentcolor;\">PURCHASES AND PAYMENT</a></li><li data-list=\"ordered\"><span class=\"ql-ui\" contenteditable=\"false\"></span><a href=\"http://localhost/wordpress/privacy-policy/#returnyes\" rel=\"noopener noreferrer\" target=\"_blank\" style=\"background-color: rgb(255, 255, 255); color: currentcolor;\">RETURN/REFUNDS POLICY</a></li><li data-list=\"ordered\"><span class=\"ql-ui\" contenteditable=\"false\"></span><a href=\"http://localhost/wordpress/privacy-policy/#prohibited\" rel=\"noopener noreferrer\" target=\"_blank\" style=\"background-color: rgb(255, 255, 255); color: currentcolor;\">PROHIBITED ACTIVITIES</a></li><li data-list=\"ordered\"><span class=\"ql-ui\" contenteditable=\"false\"></span><a href=\"http://localhost/wordpress/privacy-policy/#ugc\" rel=\"noopener noreferrer\" target=\"_blank\" style=\"background-color: rgb(255, 255, 255); color: currentcolor;\">USER GENERATED CONTRIBUTIONS</a></li><li data-list=\"ordered\"><span class=\"ql-ui\" contenteditable=\"false\"></span><a href=\"http://localhost/wordpress/privacy-policy/#license\" rel=\"noopener noreferrer\" target=\"_blank\" style=\"background-color: rgb(255, 255, 255); color: currentcolor;\">CONTRIBUTION LICENSE</a></li><li data-list=\"ordered\"><span class=\"ql-ui\" contenteditable=\"false\"></span><a href=\"http://localhost/wordpress/privacy-policy/#reviews\" rel=\"noopener noreferrer\" target=\"_blank\" style=\"background-color: rgb(255, 255, 255); color: currentcolor;\">GUIDELINES FOR REVIEWS</a></li><li data-list=\"ordered\"><span class=\"ql-ui\" contenteditable=\"false\"></span><a href=\"http://localhost/wordpress/privacy-policy/#socialmedia\" rel=\"noopener noreferrer\" target=\"_blank\" style=\"background-color: rgb(255, 255, 255); color: currentcolor;\">SOCIAL MEDIA</a></li><li data-list=\"ordered\"><span class=\"ql-ui\" contenteditable=\"false\"></span><a href=\"http://localhost/wordpress/privacy-policy/#sitemanage\" rel=\"noopener noreferrer\" target=\"_blank\" style=\"background-color: rgb(255, 255, 255); color: currentcolor;\">SERVICES MANAGEMENT</a></li><li data-list=\"ordered\"><span class=\"ql-ui\" contenteditable=\"false\"></span><a href=\"http://localhost/wordpress/privacy-policy/#ppyes\" rel=\"noopener noreferrer\" target=\"_blank\" style=\"background-color: rgb(255, 255, 255); color: currentcolor;\">PRIVACY POLICY</a></li><li data-list=\"ordered\"><span class=\"ql-ui\" contenteditable=\"false\"></span><a href=\"http://localhost/wordpress/privacy-policy/#terms\" rel=\"noopener noreferrer\" target=\"_blank\" style=\"background-color: rgb(255, 255, 255); color: currentcolor;\">TERM AND TERMINATION</a></li><li data-list=\"ordered\"><span class=\"ql-ui\" contenteditable=\"false\"></span><a href=\"http://localhost/wordpress/privacy-policy/#modifications\" rel=\"noopener noreferrer\" target=\"_blank\" style=\"background-color: rgb(255, 255, 255); color: currentcolor;\">MODIFICATIONS AND INTERRUPTIONS</a></li><li data-list=\"ordered\"><span class=\"ql-ui\" contenteditable=\"false\"></span><a href=\"http://localhost/wordpress/privacy-policy/#law\" rel=\"noopener noreferrer\" target=\"_blank\" style=\"background-color: rgb(255, 255, 255); color: currentcolor;\">GOVERNING LAW</a></li><li data-list=\"ordered\"><span class=\"ql-ui\" contenteditable=\"false\"></span><a href=\"http://localhost/wordpress/privacy-policy/#disputes\" rel=\"noopener noreferrer\" target=\"_blank\" style=\"background-color: rgb(255, 255, 255); color: currentcolor;\">DISPUTE RESOLUTION</a></li><li data-list=\"ordered\"><span class=\"ql-ui\" contenteditable=\"false\"></span><a href=\"http://localhost/wordpress/privacy-policy/#corrections\" rel=\"noopener noreferrer\" target=\"_blank\" style=\"background-color: rgb(255, 255, 255); color: currentcolor;\">CORRECTIONS</a></li><li data-list=\"ordered\"><span class=\"ql-ui\" contenteditable=\"false\"></span><a href=\"http://localhost/wordpress/privacy-policy/#disclaimer\" rel=\"noopener noreferrer\" target=\"_blank\" style=\"background-color: rgb(255, 255, 255); color: currentcolor;\">DISCLAIMER</a></li><li data-list=\"ordered\"><span class=\"ql-ui\" contenteditable=\"false\"></span><a href=\"http://localhost/wordpress/privacy-policy/#liability\" rel=\"noopener noreferrer\" target=\"_blank\" style=\"background-color: rgb(255, 255, 255); color: currentcolor;\">LIMITATIONS OF LIABILITY</a></li><li data-list=\"ordered\"><span class=\"ql-ui\" contenteditable=\"false\"></span><a href=\"http://localhost/wordpress/privacy-policy/#indemnification\" rel=\"noopener noreferrer\" target=\"_blank\" style=\"background-color: rgb(255, 255, 255); color: currentcolor;\">INDEMNIFICATION</a></li><li data-list=\"ordered\"><span class=\"ql-ui\" contenteditable=\"false\"></span><a href=\"http://localhost/wordpress/privacy-policy/#userdata\" rel=\"noopener noreferrer\" target=\"_blank\" style=\"background-color: rgb(255, 255, 255); color: currentcolor;\">USER DATA</a></li><li data-list=\"ordered\"><span class=\"ql-ui\" contenteditable=\"false\"></span><a href=\"http://localhost/wordpress/privacy-policy/#electronic\" rel=\"noopener noreferrer\" target=\"_blank\" style=\"background-color: rgb(255, 255, 255); color: currentcolor;\">ELECTRONIC COMMUNICATIONS, TRANSACTIONS, AND SIGNATURES</a></li><li data-list=\"ordered\"><span class=\"ql-ui\" contenteditable=\"false\"></span><a href=\"http://localhost/wordpress/privacy-policy/#misc\" rel=\"noopener noreferrer\" target=\"_blank\" style=\"background-color: rgb(255, 255, 255); color: currentcolor;\">MISCELLANEOUS</a></li><li data-list=\"ordered\"><span class=\"ql-ui\" contenteditable=\"false\"></span><a href=\"http://localhost/wordpress/privacy-policy/#contact\" rel=\"noopener noreferrer\" target=\"_blank\" style=\"background-color: rgb(255, 255, 255); color: currentcolor;\">CONTACT US</a></li></ol><h2><strong style=\"background-color: rgb(255, 255, 255); color: rgb(17, 17, 17);\">1. OUR SERVICES</strong></h2><p><span style=\"background-color: rgb(255, 255, 255); color: rgb(17, 17, 17);\">The information provided when using the Services is not intended for distribution to or use by any person or entity in any jurisdiction or country where such distribution or use would be contrary to law or regulation or which would subject us to any registration requirement within such jurisdiction or country. Accordingly, those persons who choose to access the Services from other locations do so on their own initiative and are solely responsible for compliance with local laws, if and to the extent local laws are applicable.</span></p><h2><strong style=\"background-color: rgb(255, 255, 255); color: rgb(17, 17, 17);\">2. INTELLECTUAL PROPERTY RIGHTS</strong></h2><h3><strong style=\"background-color: rgb(255, 255, 255); color: rgb(17, 17, 17);\">Our intellectual property</strong></h3><p><span style=\"background-color: rgb(255, 255, 255); color: rgb(17, 17, 17);\">We are the owner or the licensee of all intellectual property rights in our Services, including all source code, databases, functionality, software, website designs, audio, video, text, photographs, and graphics in the Services (collectively, the “Content”), as well as the trademarks, service marks, and logos contained therein (the “Marks”).</span></p><p><span style=\"background-color: rgb(255, 255, 255); color: rgb(17, 17, 17);\">Our Content and Marks are protected by copyright and trademark laws (and various other intellectual property rights and unfair competition laws) and treaties around the world.</span></p><p><span style=\"background-color: rgb(255, 255, 255); color: rgb(17, 17, 17);\">The Content and Marks are provided in or through the Services “AS IS” for your personal, non-commercial use or internal business purpose only.</span></p><h3><strong style=\"background-color: rgb(255, 255, 255); color: rgb(17, 17, 17);\">Your use of our Services</strong></h3><p><span style=\"background-color: rgb(255, 255, 255); color: rgb(17, 17, 17);\">Subject to your compliance with these Legal Terms, including the “</span><a href=\"http://localhost/wordpress/privacy-policy/#prohibited\" rel=\"noopener noreferrer\" target=\"_blank\" style=\"background-color: rgb(255, 255, 255); color: currentcolor;\">PROHIBITED ACTIVITIES</a><span style=\"background-color: rgb(255, 255, 255); color: rgb(17, 17, 17);\">” section below, we grant you a non-exclusive, non-transferable, revocable license to:</span></p><ol><li data-list=\"bullet\"><span class=\"ql-ui\" contenteditable=\"false\"></span><span style=\"background-color: rgb(255, 255, 255); color: rgb(17, 17, 17);\">access the Services; and</span></li><li data-list=\"bullet\"><span class=\"ql-ui\" contenteditable=\"false\"></span><span style=\"background-color: rgb(255, 255, 255); color: rgb(17, 17, 17);\">download or print a copy of any portion of the Content to which you have properly gained access,</span></li></ol><p><span style=\"background-color: rgb(255, 255, 255); color: rgb(17, 17, 17);\">solely for your personal, non-commercial use or internal business purpose.</span></p><p><span style=\"background-color: rgb(255, 255, 255); color: rgb(17, 17, 17);\">Except as set out in this section or elsewhere in our Legal Terms, no part of the Services and no Content or Marks may be copied, reproduced, aggregated, republished, uploaded, posted, publicly displayed, encoded, translated, transmitted, distributed, sold, licensed, or otherwise exploited for any commercial purpose whatsoever, without our express prior written permission.</span></p><p><span style=\"background-color: rgb(255, 255, 255); color: rgb(17, 17, 17);\">If you wish to make any use of the Services, Content, or Marks other than as set out in this section or elsewhere in our Legal Terms, please address your request to: cms@dropcms.com. If we ever grant you the permission to post, reproduce, or publicly display any part of our Services or Content, you must identify us as the owners or licensors of the Services, Content, or Marks and ensure that any copyright or proprietary notice appears or is visible on posting, reproducing, or displaying our Content.</span></p><p><span style=\"background-color: rgb(255, 255, 255); color: rgb(17, 17, 17);\">We reserve all rights not expressly granted to you in and to the Services, Content, and Marks.</span></p><p><span style=\"background-color: rgb(255, 255, 255); color: rgb(17, 17, 17);\">Any breach of these Intellectual Property Rights will constitute a material breach of our Legal Terms and your right to use our Services will terminate immediately.</span></p><h3><strong style=\"background-color: rgb(255, 255, 255); color: rgb(17, 17, 17);\">Your submissions</strong></h3><p><span style=\"background-color: rgb(255, 255, 255); color: rgb(17, 17, 17);\">Please review this section and the “</span><a href=\"http://localhost/wordpress/privacy-policy/#prohibited\" rel=\"noopener noreferrer\" target=\"_blank\" style=\"background-color: rgb(255, 255, 255); color: currentcolor;\">PROHIBITED ACTIVITIES</a><span style=\"background-color: rgb(255, 255, 255); color: rgb(17, 17, 17);\">” section carefully prior to using our Services to understand the (a) rights you give us and (b) obligations you have when you post or upload any content through the Services.</span></p><p><strong style=\"background-color: rgb(255, 255, 255); color: rgb(17, 17, 17);\">Submissions:</strong><span style=\"background-color: rgb(255, 255, 255); color: rgb(17, 17, 17);\"> By directly sending us any question, comment, suggestion, idea, feedback, or other information about the Services (“Submissions”), you agree to assign to us all intellectual property rights in such Submission. You agree that we shall own this Submission and be entitled to its unrestricted use and dissemination for any lawful purpose, commercial or otherwise, without acknowledgment or compensation to you.</span></p><p><strong style=\"background-color: rgb(255, 255, 255); color: rgb(17, 17, 17);\">You are responsible for what you post or upload:</strong><span style=\"background-color: rgb(255, 255, 255); color: rgb(17, 17, 17);\"> By sending us Submissions through any part of the Services you:</span></p><ol><li data-list=\"bullet\"><span class=\"ql-ui\" contenteditable=\"false\"></span><span style=\"background-color: rgb(255, 255, 255); color: rgb(17, 17, 17);\">confirm that you have read and agree with our “</span><a href=\"http://localhost/wordpress/privacy-policy/#prohibited\" rel=\"noopener noreferrer\" target=\"_blank\" style=\"background-color: rgb(255, 255, 255); color: currentcolor;\">PROHIBITED ACTIVITIES</a><span style=\"background-color: rgb(255, 255, 255); color: rgb(17, 17, 17);\">” and will not post, send, publish, upload, or transmit through the Services any Submission that is illegal, harassing, hateful, harmful, defamatory, obscene, bullying, abusive, discriminatory, threatening to any person or group, sexually explicit, false, inaccurate, deceitful, or misleading;</span></li><li data-list=\"bullet\"><span class=\"ql-ui\" contenteditable=\"false\"></span><span style=\"background-color: rgb(255, 255, 255); color: rgb(17, 17, 17);\">to the extent permissible by applicable law, waive any and all moral rights to any such Submission;</span></li><li data-list=\"bullet\"><span class=\"ql-ui\" contenteditable=\"false\"></span><span style=\"background-color: rgb(255, 255, 255); color: rgb(17, 17, 17);\">warrant that any such Submission are original to you or that you have the necessary rights and licenses to submit such Submissions and that you have full authority to grant us the above-mentioned rights in relation to your Submissions; and</span></li><li data-list=\"bullet\"><span class=\"ql-ui\" contenteditable=\"false\"></span><span style=\"background-color: rgb(255, 255, 255); color: rgb(17, 17, 17);\">warrant and represent that your Submissions do not constitute confidential information.</span></li></ol><p><span style=\"background-color: rgb(255, 255, 255); color: rgb(17, 17, 17);\">You are solely responsible for your Submissions</span></p><p><span style=\"background-color: rgb(255, 255, 255); color: rgb(17, 17, 17);\">and you expressly agree to reimburse us for any and all losses that we may suffer because of your breach of (a) this section, (b) any third party’s intellectual property rights, or (c) applicable law.</span></p><h2><strong style=\"background-color: rgb(255, 255, 255); color: rgb(17, 17, 17);\">3. USER REPRESENTATIONS</strong></h2><p><span style=\"background-color: rgb(255, 255, 255); color: rgb(17, 17, 17);\">By using the Services, you represent and warrant that: (1) all registration information you submit will be true, accurate, current, and complete; (2) you will maintain the accuracy of such information and promptly update such registration information as necessary; </span></p><p><span style=\"background-color: rgb(255, 255, 255); color: rgb(17, 17, 17);\">(3) you have the legal capacity and you agree to comply with these Legal Terms; (4) you are not a minor in the jurisdiction in which you reside; (5) you will not access the Services through automated or non-human means, whether through a bot, script or otherwise; (6) you will not use the Services for any illegal or unauthorized purpose; and (7) your use of the Services will not violate any applicable law or regulation.</span></p><p><span style=\"background-color: rgb(255, 255, 255); color: rgb(17, 17, 17);\">If you provide any information that is untrue, inaccurate, not current, or incomplete, we have the right to suspend or terminate your account and refuse any and all current or future use of the Services (or any portion thereof).</span></p><h2><strong style=\"background-color: rgb(255, 255, 255); color: rgb(17, 17, 17);\">4. USER REGISTRATION</strong></h2><p><span style=\"background-color: rgb(255, 255, 255); color: rgb(17, 17, 17);\">You may be required to register to use the Services. You agree to keep your password confidential and will be responsible for all use of your account and password. We reserve the right to remove, reclaim, or change a username you select if we determine, in our sole discretion, that such username is inappropriate, obscene, or otherwise objectionable.</span></p><h2><strong style=\"background-color: rgb(255, 255, 255); color: rgb(17, 17, 17);\">5. PRODUCTS</strong></h2><p><span style=\"background-color: rgb(255, 255, 255); color: rgb(17, 17, 17);\">We make every effort to display as accurately as possible the colors, features, specifications, and details of the products available on the Services. However, we do not guarantee that the colors, features, specifications, and details of the products will be accurate, complete, reliable, current, or free of other errors, and your electronic display may not accurately reflect the actual colors and details of the products. All products are subject to availability, and we cannot guarantee that items will be in stock. We reserve the right to discontinue any products at any time for any reason. Prices for all products are subject to change.</span></p><h2><strong style=\"background-color: rgb(255, 255, 255); color: rgb(17, 17, 17);\">6. PURCHASES AND PAYMENT</strong></h2><p><span style=\"background-color: rgb(255, 255, 255); color: rgb(17, 17, 17);\">We accept the following forms of payment:</span></p><p><span style=\"background-color: rgb(255, 255, 255); color: rgb(17, 17, 17);\">–  PayPal</span></p><p><span style=\"background-color: rgb(255, 255, 255); color: rgb(17, 17, 17);\">–  Mastercard</span></p><p><span style=\"background-color: rgb(255, 255, 255); color: rgb(17, 17, 17);\">–  Visa</span></p><p><span style=\"background-color: rgb(255, 255, 255); color: rgb(17, 17, 17);\">You agree to provide current, complete, and accurate purchase and account information for all purchases made via the Services. You further agree to promptly update account and payment information, including email address, payment method, and payment card expiration date, so that we can complete your transactions and contact you as needed. Sales tax will be added to the price of purchases as deemed required by us. We may change prices at any time. All payments shall be in TK.</span></p><p><span style=\"background-color: rgb(255, 255, 255); color: rgb(17, 17, 17);\">You agree to pay all charges at the prices then in effect for your purchases and any applicable shipping fees, and you authorize us to charge your chosen payment provider for any such amounts upon placing your order. We reserve the right to correct any errors or mistakes in pricing, even if we have already requested or received payment.</span></p><p><span style=\"background-color: rgb(255, 255, 255); color: rgb(17, 17, 17);\">We reserve the right to refuse any order placed through the Services. We may, in our sole discretion, limit or cancel quantities purchased per person, per household, or per order. These restrictions may include orders placed by or under the same customer account, the same payment method, and/or orders that use the same billing or shipping address. We reserve the right to limit or prohibit orders that, in our sole judgment, appear to be placed by dealers, resellers, or distributors.</span></p><h2><strong style=\"background-color: rgb(255, 255, 255); color: rgb(17, 17, 17);\">7. RETURN/REFUNDS POLICY</strong></h2><p><span style=\"background-color: rgb(255, 255, 255); color: rgb(17, 17, 17);\">Please review our Return Policy prior to making any purchases: dropcms.com/terms-of-service</span></p><p><span style=\"background-color: rgb(255, 255, 255); color: rgb(17, 17, 17);\">.</span></p><h2><strong style=\"background-color: rgb(255, 255, 255); color: rgb(17, 17, 17);\">8. PROHIBITED ACTIVITIES</strong></h2><p><span style=\"background-color: rgb(255, 255, 255); color: rgb(17, 17, 17);\">You may not access or use the Services for any purpose other than that for which we make the Services available. The Services may not be used in connection with any commercial endeavors except those that are specifically endorsed or approved by us.</span></p><p><span style=\"background-color: rgb(255, 255, 255); color: rgb(17, 17, 17);\">As a user of the Services, you agree not to:</span></p><ol><li data-list=\"bullet\"><span class=\"ql-ui\" contenteditable=\"false\"></span><span style=\"background-color: rgb(255, 255, 255); color: rgb(17, 17, 17);\">Systematically retrieve data or other content from the Services to create or compile, directly or indirectly, a collection, compilation, database, or directory without written permission from us.</span></li><li data-list=\"bullet\"><span class=\"ql-ui\" contenteditable=\"false\"></span><span style=\"background-color: rgb(255, 255, 255); color: rgb(17, 17, 17);\">Trick, defraud, or mislead us and other users, especially in any attempt to learn sensitive account information such as user passwords.</span></li><li data-list=\"bullet\"><span class=\"ql-ui\" contenteditable=\"false\"></span><span style=\"background-color: rgb(255, 255, 255); color: rgb(17, 17, 17);\">Circumvent, disable, or otherwise interfere with security-related features of the Services, including features that prevent or restrict the use or copying of any Content or enforce limitations on the use of the Services and/or the Content contained therein.</span></li><li data-list=\"bullet\"><span class=\"ql-ui\" contenteditable=\"false\"></span><span style=\"background-color: rgb(255, 255, 255); color: rgb(17, 17, 17);\">Disparage, tarnish, or otherwise harm, in our opinion, us and/or the Services.</span></li><li data-list=\"bullet\"><span class=\"ql-ui\" contenteditable=\"false\"></span><span style=\"background-color: rgb(255, 255, 255); color: rgb(17, 17, 17);\">Use any information obtained from the Services in order to harass, abuse, or harm another person.</span></li><li data-list=\"bullet\"><span class=\"ql-ui\" contenteditable=\"false\"></span><span style=\"background-color: rgb(255, 255, 255); color: rgb(17, 17, 17);\">Make improper use of our support services or submit false reports of abuse or misconduct.</span></li><li data-list=\"bullet\"><span class=\"ql-ui\" contenteditable=\"false\"></span><span style=\"background-color: rgb(255, 255, 255); color: rgb(17, 17, 17);\">Use the Services in a manner inconsistent with any applicable laws or regulations.</span></li><li data-list=\"bullet\"><span class=\"ql-ui\" contenteditable=\"false\"></span><span style=\"background-color: rgb(255, 255, 255); color: rgb(17, 17, 17);\">Engage in unauthorized framing of or linking to the Services.</span></li><li data-list=\"bullet\"><span class=\"ql-ui\" contenteditable=\"false\"></span><span style=\"background-color: rgb(255, 255, 255); color: rgb(17, 17, 17);\">Upload or transmit (or attempt to upload or to transmit) viruses, Trojan horses, or other material, including excessive use of capital letters and spamming (continuous posting of repetitive text), that interferes with any party’s uninterrupted use and enjoyment of the Services or modifies, impairs, disrupts, alters, or interferes with the use, features, functions, operation, or maintenance of the Services.</span></li><li data-list=\"bullet\"><span class=\"ql-ui\" contenteditable=\"false\"></span><span style=\"background-color: rgb(255, 255, 255); color: rgb(17, 17, 17);\">Engage in any automated use of the system, such as using scripts to send comments or messages, or using any data mining, robots, or similar data gathering and extraction tools.</span></li><li data-list=\"bullet\"><span class=\"ql-ui\" contenteditable=\"false\"></span><span style=\"background-color: rgb(255, 255, 255); color: rgb(17, 17, 17);\">Delete the copyright or other proprietary rights notice from any Content.</span></li><li data-list=\"bullet\"><span class=\"ql-ui\" contenteditable=\"false\"></span><span style=\"background-color: rgb(255, 255, 255); color: rgb(17, 17, 17);\">Attempt to impersonate another user or person or use the username of another user.</span></li><li data-list=\"bullet\"><span class=\"ql-ui\" contenteditable=\"false\"></span><span style=\"background-color: rgb(255, 255, 255); color: rgb(17, 17, 17);\">Upload or transmit (or attempt to upload or to transmit) any material that acts as a passive or active information collection or transmission mechanism, including without limitation, clear graphics interchange formats (“gifs”), 1×1 pixels, web bugs, cookies, or other similar devices (sometimes referred to as “spyware” or “passive collection mechanisms” or “pcms”).</span></li><li data-list=\"bullet\"><span class=\"ql-ui\" contenteditable=\"false\"></span><span style=\"background-color: rgb(255, 255, 255); color: rgb(17, 17, 17);\">Interfere with, disrupt, or create an undue burden on the Services or the networks or services connected to the Services.</span></li><li data-list=\"bullet\"><span class=\"ql-ui\" contenteditable=\"false\"></span><span style=\"background-color: rgb(255, 255, 255); color: rgb(17, 17, 17);\">Harass, annoy, intimidate, or threaten any of our employees or agents engaged in providing any portion of the Services to you.</span></li><li data-list=\"bullet\"><span class=\"ql-ui\" contenteditable=\"false\"></span><span style=\"background-color: rgb(255, 255, 255); color: rgb(17, 17, 17);\">Attempt to bypass any measures of the Services designed to prevent or restrict access to the Services, or any portion of the Services.</span></li><li data-list=\"bullet\"><span class=\"ql-ui\" contenteditable=\"false\"></span><span style=\"background-color: rgb(255, 255, 255); color: rgb(17, 17, 17);\">Copy or adapt the Services’ software, including but not limited to Flash, PHP, HTML, JavaScript, or other code.</span></li><li data-list=\"bullet\"><span class=\"ql-ui\" contenteditable=\"false\"></span><span style=\"background-color: rgb(255, 255, 255); color: rgb(17, 17, 17);\">Except as permitted by applicable law, decipher, decompile, disassemble, or reverse engineer any of the software comprising or in any way making up a part of the Services.</span></li><li data-list=\"bullet\"><span class=\"ql-ui\" contenteditable=\"false\"></span><span style=\"background-color: rgb(255, 255, 255); color: rgb(17, 17, 17);\">Except as may be the result of standard search engine or Internet browser usage, use, launch, develop, or distribute any automated system, including without limitation, any spider, robot, cheat utility, scraper, or offline reader that accesses the Services, or use or launch any unauthorized script or other software.</span></li><li data-list=\"bullet\"><span class=\"ql-ui\" contenteditable=\"false\"></span><span style=\"background-color: rgb(255, 255, 255); color: rgb(17, 17, 17);\">Use a buying agent or purchasing agent to make purchases on the Services.</span></li><li data-list=\"bullet\"><span class=\"ql-ui\" contenteditable=\"false\"></span><span style=\"background-color: rgb(255, 255, 255); color: rgb(17, 17, 17);\">Make any unauthorized use of the Services, including collecting usernames and/or email addresses of users by electronic or other means for the purpose of sending unsolicited email, or creating user accounts by automated means or under false pretenses.</span></li><li data-list=\"bullet\"><span class=\"ql-ui\" contenteditable=\"false\"></span><span style=\"background-color: rgb(255, 255, 255); color: rgb(17, 17, 17);\">Use the Services as part of any effort to compete with us or otherwise use the Services and/or the Content for any revenue-generating endeavor or commercial enterprise.</span></li></ol><h2><strong style=\"background-color: rgb(255, 255, 255); color: rgb(17, 17, 17);\">9. USER GENERATED CONTRIBUTIONS</strong></h2><p><span style=\"background-color: rgb(255, 255, 255); color: rgb(17, 17, 17);\">The Services does not offer users to submit or post content. We may provide you with the opportunity to create, submit, post, display, transmit, perform, publish, distribute, or broadcast content and materials to us or on the Services, including but not limited to text, writings, video, audio, photographs, graphics, comments, suggestions, or personal information or other material (collectively, “Contributions”). Contributions may be viewable by other users of the Services and through third-party websites. As such, any Contributions you transmit may be treated in accordance with the Services’ Privacy Policy. When you create or make available any Contributions, you thereby represent and warrant that:</span></p><h2><strong style=\"background-color: rgb(255, 255, 255); color: rgb(17, 17, 17);\">10. CONTRIBUTION LICENSE</strong></h2><p><span style=\"background-color: rgb(255, 255, 255); color: rgb(17, 17, 17);\">You and Services agree that we may access, store, process, and use any information and personal data that you provide following the terms of the Privacy Policy and your choices (including settings).</span></p><p><span style=\"background-color: rgb(255, 255, 255); color: rgb(17, 17, 17);\">By submitting suggestions or other feedback regarding the Services, you agree that we can use and share such feedback for any purpose without compensation to you.</span></p><p><span style=\"background-color: rgb(255, 255, 255); color: rgb(17, 17, 17);\">We do not assert any ownership over your Contributions. You retain full ownership of all of your Contributions and any intellectual property rights or other proprietary rights associated with your Contributions. We are not liable for any statements or representations in your Contributions provided by you in any area on the Services. You are solely responsible for your Contributions to the Services and you expressly agree to exonerate us from any and all responsibility and to refrain from any legal action against us regarding your Contributions.</span></p><h2><strong style=\"background-color: rgb(255, 255, 255); color: rgb(17, 17, 17);\">11. GUIDELINES FOR REVIEWS</strong></h2><p><span style=\"background-color: rgb(255, 255, 255); color: rgb(17, 17, 17);\">We may provide you areas on the Services to leave reviews or ratings. When posting a review, you must comply with the following criteria: (1) you should have firsthand experience with the person/entity being reviewed; (2) your reviews should not contain offensive profanity, or abusive, racist, offensive, or hateful language; (3) your reviews should not contain discriminatory references based on religion, race, gender, national origin, age, marital status, sexual orientation, or disability; (4) your reviews should not contain references to illegal activity; (5) you should not be affiliated with competitors if posting negative reviews; (6) you should not make any conclusions as to the legality of conduct; (7) you may not post any false or misleading statements; and (8) you may not organize a campaign encouraging others to post reviews, whether positive or negative.</span></p><p><span style=\"background-color: rgb(255, 255, 255); color: rgb(17, 17, 17);\">We may accept, reject, or remove reviews in our sole discretion. We have absolutely no obligation to screen reviews or to delete reviews, even if anyone considers reviews objectionable or inaccurate. Reviews are not endorsed by us, and do not necessarily represent our opinions or the views of any of our affiliates or partners. We do not assume liability for any review or for any claims, liabilities, or losses resulting from any review. By posting a review, you hereby grant to us a perpetual, non-exclusive, worldwide, royalty-free, fully paid, assignable, and sublicensable right and license to reproduce, modify, translate, transmit by any means, display, perform, and/or distribute all content relating to review.</span></p><h2><strong style=\"background-color: rgb(255, 255, 255); color: rgb(17, 17, 17);\">12. SOCIAL MEDIA</strong></h2><p><span style=\"background-color: rgb(255, 255, 255); color: rgb(17, 17, 17);\">As part of the functionality of the Services, you may link your account with online accounts you have with third-party service providers (each such account, a “Third-Party Account”) by either: (1) providing your Third-Party Account login information through the Services; or (2) allowing us to access your Third-Party Account, as is permitted under the applicable terms and conditions that govern your use of each Third-Party Account. You represent and warrant that you are entitled to disclose your Third-Party Account login information to us and/or grant us access to your Third-Party Account, without breach by you of any of the terms and conditions that govern your use of the applicable Third-Party Account, and without obligating us to pay any fees or making us subject to any usage limitations imposed by the third-party service provider of the Third-Party Account. By granting us access to any Third-Party Accounts, you understand that (1) we may access, make available, and store (if applicable) any content that you have provided to and stored in your Third-Party Account (the “Social Network Content”) so that it is available on and through the Services via your account, including without limitation any friend lists and (2) we may submit to and receive from your Third-Party Account additional information to the extent you are notified when you link your account with the Third-Party Account. Depending on the Third-Party Accounts you choose and subject to the privacy settings that you have set in such Third-Party Accounts, personally identifiable information that you post to your Third-Party Accounts may be available on and through your account on the Services. Please note that if a Third-Party Account or associated service becomes unavailable or our access to such Third-Party Account is terminated by the third-party service provider, then Social Network Content may no longer be available on and through the Services. You will have the ability to disable the connection between your account on the Services and your Third-Party Accounts at any time. PLEASE NOTE THAT YOUR RELATIONSHIP WITH THE THIRD-PARTY SERVICE PROVIDERS ASSOCIATED WITH YOUR THIRD-PARTY ACCOUNTS IS GOVERNED SOLELY BY YOUR AGREEMENT(S) WITH SUCH THIRD-PARTY SERVICE PROVIDERS. We make no effort to review any Social Network Content for any purpose, including but not limited to, for accuracy, legality, or non-infringement, and we are not responsible for any Social Network Content. You acknowledge and agree that we may access your email address book associated with a Third-Party Account and your contacts list stored on your mobile device or tablet computer solely for purposes of identifying and informing you of those contacts who have also registered to use the Services. You can deactivate the connection between the Services and your Third-Party Account by contacting us using the contact information below or through your account settings (if applicable). We will attempt to delete any information stored on our servers that was obtained through such Third-Party Account, except the username and profile picture that become associated with your account.</span></p><h2><strong style=\"background-color: rgb(255, 255, 255); color: rgb(17, 17, 17);\">13. SERVICES MANAGEMENT</strong></h2><p><span style=\"background-color: rgb(255, 255, 255); color: rgb(17, 17, 17);\">We reserve the right, but not the obligation, to: (1) monitor the Services for violations of these Legal Terms; (2) take appropriate legal action against anyone who, in our sole discretion, violates the law or these Legal Terms, including without limitation, reporting such user to law enforcement authorities; (3) in our sole discretion and without limitation, refuse, restrict access to, limit the availability of, or disable (to the extent technologically feasible) any of your Contributions or any portion thereof; (4) in our sole discretion and without limitation, notice, or liability, to remove from the Services or otherwise disable all files and content that are excessive in size or are in any way burdensome to our systems; and (5) otherwise manage the Services in a manner designed to protect our rights and property and to facilitate the proper functioning of the Services.</span></p><h2><strong style=\"background-color: rgb(255, 255, 255); color: rgb(17, 17, 17);\">14. PRIVACY POLICY</strong></h2><p><span style=\"background-color: rgb(255, 255, 255); color: rgb(17, 17, 17);\">We care about data privacy and security. Please review our Privacy Policy:</span><strong style=\"background-color: rgb(255, 255, 255); color: rgb(17, 17, 17);\"> __________</strong><span style=\"background-color: rgb(255, 255, 255); color: rgb(17, 17, 17);\">. By using the Services, you agree to be bound by our Privacy Policy, which is incorporated into these Legal Terms. Please be advised the Services are hosted in __________. If you access the Services from any other region of the world with laws or other requirements governing personal data collection, use, or disclosure that differ from applicable laws in __________, then through your continued use of the Services, you are transferring your data to __________, and you expressly consent to have your data transferred to and processed in __________.</span></p><h2><strong style=\"background-color: rgb(255, 255, 255); color: rgb(17, 17, 17);\">15. TERM AND TERMINATION</strong></h2><p><span style=\"background-color: rgb(255, 255, 255); color: rgb(17, 17, 17);\">These Legal Terms shall remain in full force and effect while you use the Services. WITHOUT LIMITING ANY OTHER PROVISION OF THESE LEGAL TERMS, WE RESERVE THE RIGHT TO, IN OUR SOLE DISCRETION AND WITHOUT NOTICE OR LIABILITY, DENY ACCESS TO AND USE OF THE SERVICES (INCLUDING BLOCKING CERTAIN IP ADDRESSES), TO ANY PERSON FOR ANY REASON OR FOR NO REASON, INCLUDING WITHOUT LIMITATION FOR BREACH OF ANY REPRESENTATION, WARRANTY, OR COVENANT CONTAINED IN THESE LEGAL TERMS OR OF ANY APPLICABLE LAW OR REGULATION. WE MAY TERMINATE YOUR USE OR PARTICIPATION IN THE SERVICES OR DELETE YOUR ACCOUNT AND ANY CONTENT OR INFORMATION THAT YOU POSTED AT ANY TIME, WITHOUT WARNING, IN OUR SOLE DISCRETION.</span></p><p><span style=\"background-color: rgb(255, 255, 255); color: rgb(17, 17, 17);\">If we terminate or suspend your account for any reason, you are prohibited from registering and creating a new account under your name, a fake or borrowed name, or the name of any third party, even if you may be acting on behalf of the third party. In addition to terminating or suspending your account, we reserve the right to take appropriate legal action, including without limitation pursuing civil, criminal, and injunctive redress.</span></p><h2><strong style=\"background-color: rgb(255, 255, 255); color: rgb(17, 17, 17);\">16. MODIFICATIONS AND INTERRUPTIONS</strong></h2><p><span style=\"background-color: rgb(255, 255, 255); color: rgb(17, 17, 17);\">We reserve the right to change, modify, or remove the contents of the Services at any time or for any reason at our sole discretion without notice. However, we have no obligation to update any information on our Services. We also reserve the right to modify or discontinue all or part of the Services without notice at any time. We will not be liable to you or any third party for any modification, price change, suspension, or discontinuance of the Services.</span></p><p><span style=\"background-color: rgb(255, 255, 255); color: rgb(17, 17, 17);\">We cannot guarantee the Services will be available at all times. We may experience hardware, software, or other problems or need to perform maintenance related to the Services, resulting in interruptions, delays, or errors. We reserve the right to change, revise, update, suspend, discontinue, or otherwise modify the Services at any time or for any reason without notice to you. You agree that we have no liability whatsoever for any loss, damage, or inconvenience caused by your inability to access or use the Services during any downtime or discontinuance of the Services. Nothing in these Legal Terms will be construed to obligate us to maintain and support the Services or to supply any corrections, updates, or releases in connection therewith.</span></p><h2><strong style=\"background-color: rgb(255, 255, 255); color: rgb(17, 17, 17);\">17. GOVERNING LAW</strong></h2><p><span style=\"background-color: rgb(255, 255, 255); color: rgb(17, 17, 17);\">These Legal Terms shall be governed by and defined following the laws of __________. __________ and yourself irrevocably consent that the courts of __________ shall have exclusive jurisdiction to resolve any dispute which may arise in connection with these Legal Terms.</span></p><h2><strong style=\"background-color: rgb(255, 255, 255); color: rgb(17, 17, 17);\">18. DISPUTE RESOLUTION</strong></h2><h3><strong style=\"background-color: rgb(255, 255, 255); color: rgb(17, 17, 17);\">Informal Negotiations</strong></h3><p><span style=\"background-color: rgb(255, 255, 255); color: rgb(17, 17, 17);\">To expedite resolution and control the cost of any dispute, controversy, or claim related to these Legal Terms (each a “Dispute” and collectively, the “Disputes”) brought by either you or us (individually, a “Party” and collectively, the “Parties”), the Parties agree to first attempt to negotiate any Dispute (except those Disputes expressly provided below) informally for at least __________ days before initiating arbitration. Such informal negotiations commence upon written notice from one Party to the other Party.</span></p><h3><strong style=\"background-color: rgb(255, 255, 255); color: rgb(17, 17, 17);\">Binding Arbitration</strong></h3><p><span style=\"background-color: rgb(255, 255, 255); color: rgb(17, 17, 17);\">Any dispute arising out of or in connection with these Legal Terms, including any question regarding its existence, validity, or termination, shall be referred to and finally resolved by the International Commercial Arbitration Court under the European Arbitration Chamber (Belgium, Brussels, Avenue Louise, 146) according to the Rules of this ICAC, which, as a result of referring to it, is considered as the part of this clause. The number of arbitrators shall be __________</span></p><p><span style=\"background-color: rgb(255, 255, 255); color: rgb(17, 17, 17);\">. The seat, or legal place, or arbitration shall be __________</span></p><p><span style=\"background-color: rgb(255, 255, 255); color: rgb(17, 17, 17);\">. The language of the proceedings shall be __________</span></p><p><span style=\"background-color: rgb(255, 255, 255); color: rgb(17, 17, 17);\">. The governing law of these Legal Terms shall be substantive law of __________</span></p><p><span style=\"background-color: rgb(255, 255, 255); color: rgb(17, 17, 17);\">.</span></p><h3><strong style=\"background-color: rgb(255, 255, 255); color: rgb(17, 17, 17);\">Restrictions</strong></h3><p><span style=\"background-color: rgb(255, 255, 255); color: rgb(17, 17, 17);\">The Parties agree that any arbitration shall be limited to the Dispute between the Parties individually. To the full extent permitted by law, (a) no arbitration shall be joined with any other proceeding; (b) there is no right or authority for any Dispute to be arbitrated on a class-action basis or to</span></p><p><span style=\"background-color: rgb(255, 255, 255); color: rgb(17, 17, 17);\">utilize</span></p><p><span style=\"background-color: rgb(255, 255, 255); color: rgb(17, 17, 17);\">class action procedures; and (c) there is no right or authority for any Dispute to be brought in a purported representative capacity on behalf of the general public or any other persons.</span></p><h3><strong style=\"background-color: rgb(255, 255, 255); color: rgb(17, 17, 17);\">Exceptions to Informal Negotiations and Arbitration</strong></h3><p><span style=\"background-color: rgb(255, 255, 255); color: rgb(17, 17, 17);\">The Parties agree that the following Disputes are not subject to the above provisions concerning informal negotiations binding arbitration: (a) any Disputes seeking to enforce or protect, or concerning the validity of, any of the intellectual property rights of a Party; (b) any Dispute related to, or arising from, allegations of theft, piracy, invasion of privacy, or</span></p><p><span style=\"background-color: rgb(255, 255, 255); color: rgb(17, 17, 17);\">unauthorized</span></p><p><span style=\"background-color: rgb(255, 255, 255); color: rgb(17, 17, 17);\">use; and (c) any claim for injunctive relief. If this provision is found to be illegal or unenforceable, then neither Party will elect to arbitrate any Dispute falling within that portion of this provision found to be illegal or unenforceable and such Dispute shall be decided by a court of competent jurisdiction within the courts listed for jurisdiction above, and the Parties agree to submit to the personal jurisdiction of that court.</span></p><h2><strong style=\"background-color: rgb(255, 255, 255); color: rgb(17, 17, 17);\">19. CORRECTIONS</strong></h2><p><span style=\"background-color: rgb(255, 255, 255); color: rgb(17, 17, 17);\">There may be information on the Services that contains typographical errors, inaccuracies, or omissions, including descriptions, pricing, availability, and various other information. We reserve the right to correct any errors, inaccuracies, or omissions and to change or update the information on the Services at any time, without prior notice.</span></p><h2><strong style=\"background-color: rgb(255, 255, 255); color: rgb(17, 17, 17);\">20. DISCLAIMER</strong></h2><p><span style=\"background-color: rgb(255, 255, 255); color: rgb(17, 17, 17);\">THE SERVICES ARE PROVIDED ON AN AS-IS AND AS-AVAILABLE BASIS. YOU AGREE THAT YOUR USE OF THE SERVICES WILL BE AT YOUR SOLE RISK. TO THE FULLEST EXTENT PERMITTED BY LAW, WE DISCLAIM ALL WARRANTIES, EXPRESS OR IMPLIED, IN CONNECTION WITH THE SERVICES AND YOUR USE THEREOF, INCLUDING, WITHOUT LIMITATION, THE IMPLIED WARRANTIES OF MERCHANTABILITY, FITNESS FOR A PARTICULAR PURPOSE, AND NON-INFRINGEMENT. WE MAKE NO WARRANTIES OR REPRESENTATIONS ABOUT THE ACCURACY OR COMPLETENESS OF THE SERVICES’ CONTENT OR THE CONTENT OF ANY WEBSITES OR MOBILE APPLICATIONS LINKED TO THE SERVICES AND WE WILL ASSUME NO LIABILITY OR RESPONSIBILITY FOR ANY (1) ERRORS, MISTAKES, OR INACCURACIES OF CONTENT AND MATERIALS, (2) PERSONAL INJURY OR PROPERTY DAMAGE, OF ANY NATURE WHATSOEVER, RESULTING FROM YOUR ACCESS TO AND USE OF THE SERVICES, (3) ANY UNAUTHORIZED ACCESS TO OR USE OF OUR SECURE SERVERS AND/OR ANY AND ALL PERSONAL INFORMATION AND/OR FINANCIAL INFORMATION STORED THEREIN, (4) ANY INTERRUPTION OR CESSATION OF TRANSMISSION TO OR FROM THE SERVICES, (5) ANY BUGS, VIRUSES, TROJAN HORSES, OR THE LIKE WHICH MAY BE TRANSMITTED TO OR THROUGH THE SERVICES BY ANY THIRD PARTY, AND/OR (6) ANY ERRORS OR OMISSIONS IN ANY CONTENT AND MATERIALS OR FOR ANY LOSS OR DAMAGE OF ANY KIND INCURRED AS A RESULT OF THE USE OF ANY CONTENT POSTED, TRANSMITTED, OR OTHERWISE MADE AVAILABLE VIA THE SERVICES. WE DO NOT WARRANT, ENDORSE, GUARANTEE, OR ASSUME RESPONSIBILITY FOR ANY PRODUCT OR SERVICE ADVERTISED OR OFFERED BY A THIRD PARTY THROUGH THE SERVICES, ANY HYPERLINKED WEBSITE, OR ANY WEBSITE OR MOBILE APPLICATION FEATURED IN ANY BANNER OR OTHER ADVERTISING, AND WE WILL NOT BE A PARTY TO OR IN ANY WAY BE RESPONSIBLE FOR MONITORING ANY TRANSACTION BETWEEN YOU AND ANY THIRD-PARTY PROVIDERS OF PRODUCTS OR SERVICES. AS WITH THE PURCHASE OF A PRODUCT OR SERVICE THROUGH ANY MEDIUM OR IN ANY ENVIRONMENT, YOU SHOULD USE YOUR BEST JUDGMENT AND EXERCISE CAUTION WHERE APPROPRIATE.</span></p><h2><strong style=\"background-color: rgb(255, 255, 255); color: rgb(17, 17, 17);\">21. LIMITATIONS OF LIABILITY</strong></h2><p><span style=\"background-color: rgb(255, 255, 255); color: rgb(17, 17, 17);\">IN NO EVENT WILL WE OR OUR DIRECTORS, EMPLOYEES, OR AGENTS BE LIABLE TO YOU OR ANY THIRD PARTY FOR ANY DIRECT, INDIRECT, CONSEQUENTIAL, EXEMPLARY, INCIDENTAL, SPECIAL, OR PUNITIVE DAMAGES, INCLUDING LOST PROFIT, LOST REVENUE, LOSS OF DATA, OR OTHER DAMAGES ARISING FROM YOUR USE OF THE SERVICES, EVEN IF WE HAVE BEEN ADVISED OF THE POSSIBILITY OF SUCH DAMAGES. NOTWITHSTANDING ANYTHING TO THE CONTRARY CONTAINED HEREIN, OUR LIABILITY TO YOU FOR ANY CAUSE WHATSOEVER AND REGARDLESS OF THE FORM OF THE ACTION, WILL AT ALL TIMES BE LIMITED TO THE LESSER OF THE AMOUNT PAID, IF ANY, BY YOU TO US OR . CERTAIN US STATE LAWS AND INTERNATIONAL LAWS DO NOT ALLOW LIMITATIONS ON IMPLIED WARRANTIES OR THE EXCLUSION OR LIMITATION OF CERTAIN DAMAGES. IF THESE LAWS APPLY TO YOU, SOME OR ALL OF THE ABOVE DISCLAIMERS OR LIMITATIONS MAY NOT APPLY TO YOU, AND YOU MAY HAVE ADDITIONAL RIGHTS.</span></p><h2><strong style=\"background-color: rgb(255, 255, 255); color: rgb(17, 17, 17);\">22. INDEMNIFICATION</strong></h2><p><span style=\"background-color: rgb(255, 255, 255); color: rgb(17, 17, 17);\">You agree to defend, indemnify, and hold us harmless, including our subsidiaries, affiliates, and all of our respective officers, agents, partners, and employees, from and against any loss, damage, liability, claim, or demand, including reasonable attorneys’ fees and expenses, made by any third party due to or arising out of: (1) use of the Services; (2) breach of these Legal Terms; (3) any breach of your representations and warranties set forth in these Legal Terms; (4) your violation of the rights of a third party, including but not limited to intellectual property rights; or (5) any overt harmful act toward any other user of the Services with whom you connected via the Services. Notwithstanding the foregoing, we reserve the right, at your expense, to assume the exclusive defense and control of any matter for which you are required to indemnify us, and you agree to cooperate, at your expense, with our defense of such claims. We will use reasonable efforts to notify you of any such claim, action, or proceeding which is subject to this indemnification upon becoming aware of it.</span></p><h2><strong style=\"background-color: rgb(255, 255, 255); color: rgb(17, 17, 17);\">23. USER DATA</strong></h2><p><span style=\"background-color: rgb(255, 255, 255); color: rgb(17, 17, 17);\">We will maintain certain data that you transmit to the Services for the purpose of managing the performance of the Services, as well as data relating to your use of the Services. Although we perform regular routine backups of data, you are solely responsible for all data that you transmit or that relates to any activity you have undertaken using the Services. You agree that we shall have no liability to you for any loss or corruption of any such data, and you hereby waive any right of action against us arising from any such loss or corruption of such data.</span></p><h2><strong style=\"background-color: rgb(255, 255, 255); color: rgb(17, 17, 17);\">24. ELECTRONIC COMMUNICATIONS, TRANSACTIONS, AND SIGNATURES</strong></h2><p><span style=\"background-color: rgb(255, 255, 255); color: rgb(17, 17, 17);\">Visiting the Services, sending us emails, and completing online forms constitute electronic communications. You consent to receive electronic communications, and you agree that all agreements, notices, disclosures, and other communications we provide to you electronically, via email and on the Services, satisfy any legal requirement that such communication be in writing. YOU HEREBY AGREE TO THE USE OF ELECTRONIC SIGNATURES, CONTRACTS, ORDERS, AND OTHER RECORDS, AND TO ELECTRONIC DELIVERY OF NOTICES, POLICIES, AND RECORDS OF TRANSACTIONS INITIATED OR COMPLETED BY US OR VIA THE SERVICES. You hereby waive any rights or requirements under any statutes, regulations, rules, ordinances, or other laws in any jurisdiction which require an original signature or delivery or retention of non-electronic records, or to payments or the granting of credits by any means other than electronic means.</span></p><h2><strong style=\"background-color: rgb(255, 255, 255); color: rgb(17, 17, 17);\">25. MISCELLANEOUS</strong></h2><p><span style=\"background-color: rgb(255, 255, 255); color: rgb(17, 17, 17);\">These Legal Terms and any policies or operating rules posted by us on the Services or in respect to the Services constitute the entire agreement and understanding between you and us. Our failure to exercise or enforce any right or provision of these Legal Terms shall not operate as a waiver of such right or provision. These Legal Terms operate to the fullest extent permissible by law. We may assign any or all of our rights and obligations to others at any time. We shall not be responsible or liable for any loss, damage, delay, or failure to act caused by any cause beyond our reasonable control. If any provision or part of a provision of these Legal Terms is determined to be unlawful, void, or unenforceable, that provision or part of the provision is deemed severable from these Legal Terms and does not affect the validity and enforceability of any remaining provisions. There is no joint venture, partnership, employment or agency relationship created between you and us as a result of these Legal Terms or use of the Services. You agree that these Legal Terms will not be construed against us by virtue of having drafted them. You hereby waive any and all defenses you may have based on the electronic form of these Legal Terms and the lack of signing by the parties hereto to execute these Legal Terms.</span></p><h2><strong style=\"background-color: rgb(255, 255, 255); color: rgb(17, 17, 17);\">26. CONTACT US</strong></h2><p><span style=\"background-color: rgb(255, 255, 255); color: rgb(17, 17, 17);\">In order to resolve a complaint regarding the Services or to receive further information regarding use of the Services, please contact us at:</span></p><p><strong style=\"background-color: rgb(255, 255, 255); color: rgb(17, 17, 17);\">__________</strong></p><p><strong style=\"background-color: rgb(255, 255, 255); color: rgb(17, 17, 17);\">Dhaka, bangladesh</strong></p><p><strong style=\"background-color: rgb(255, 255, 255); color: rgb(17, 17, 17);\">Dhaka, Dhaka 1212</strong></p><p><strong style=\"background-color: rgb(255, 255, 255); color: rgb(17, 17, 17);\">Bangladesh</strong></p><p><strong style=\"background-color: rgb(255, 255, 255); color: rgb(17, 17, 17);\">cms@dropcms.com</strong></p><p><br></p>', '2025-04-11 04:25:41', '2025-04-11 04:25:41', 'admin', 0, 2);

-- --------------------------------------------------------

--
-- Table structure for table `permissions`
--

CREATE TABLE `permissions` (
  `id` bigint(20) NOT NULL,
  `groupId` int(11) NOT NULL,
  `moduleId` int(11) NOT NULL,
  `actions` text DEFAULT NULL,
  `createdAt` datetime DEFAULT current_timestamp()
) ENGINE=InnoDB DEFAULT CHARSET=utf8mb4 COLLATE=utf8mb4_general_ci;

--
-- Dumping data for table `permissions`
--

INSERT INTO `permissions` (`id`, `groupId`, `moduleId`, `actions`, `createdAt`) VALUES
(5, 2, 1, 'add,view,edit,delete', '2025-02-27 18:57:58'),
(7, 1, 1, 'add,view,edit', '2025-02-28 16:22:26'),
(8, 2, 2, 'add,view,edit,delete', '2025-02-28 17:58:02'),
(10, 1, 2, 'add,view,edit,delete', '2025-02-28 18:26:40'),
(12, 1, 3, 'add,view,edit,delete', '2025-03-18 12:25:29'),
(13, 1, 7, 'view,add,edit,delete', '2025-03-19 16:16:58'),
(16, 1, 9, 'view,edit,delete,add', '2025-03-20 09:25:10'),
(17, 1, 6, '', '2025-03-20 09:25:36'),
(18, 1, 4, 'view,add,edit,delete', '2025-03-20 09:25:56'),
(19, 3, 7, 'view', '2025-04-16 17:05:21'),
(20, 2, 7, 'view', '2025-04-16 17:05:41'),
(21, 1, 20, 'add,view,edit,delete', '2025-05-28 10:49:01'),
(23, 1, 29, 'add,view,edit,delete', '2025-07-08 05:53:53'),
(24, 1, 32, 'add,view,edit,delete', '2025-07-11 21:23:00'),
(25, 1, 33, 'add,view,edit,delete', '2025-07-11 21:28:18'),
(26, 1, 37, 'add,edit,delete,view', '2025-07-11 21:28:44'),
(27, 1, 38, 'view,add,edit,delete', '2025-07-11 21:35:26'),
(28, 1, 39, 'add,view,edit,delete', '2025-07-12 13:21:33'),
(29, 1, 40, 'add,edit,view,delete', '2025-07-12 13:25:58'),
(30, 1, 41, 'add,view,edit,delete', '2025-07-12 13:26:18');

-- --------------------------------------------------------

--
-- Table structure for table `posts`
--

CREATE TABLE `posts` (
  `id` bigint(20) NOT NULL,
  `categoryId` int(11) NOT NULL,
  `identifier` varchar(255) NOT NULL,
  `title` varchar(255) NOT NULL,
  `content` longtext DEFAULT NULL,
  `featured` varchar(255) NOT NULL,
  `imageUrl` varchar(255) NOT NULL,
  `postStatus` enum('pending','published','draft','deleted') NOT NULL DEFAULT 'pending',
  `createdAt` datetime DEFAULT current_timestamp(),
  `updatedAt` datetime DEFAULT current_timestamp() ON UPDATE current_timestamp(),
  `createdBy` varchar(255) NOT NULL,
  `deleted` tinyint(1) DEFAULT 0
) ENGINE=InnoDB DEFAULT CHARSET=utf8mb4 COLLATE=utf8mb4_general_ci;

--
-- Dumping data for table `posts`
--

INSERT INTO `posts` (`id`, `categoryId`, `identifier`, `title`, `content`, `featured`, `imageUrl`, `postStatus`, `createdAt`, `updatedAt`, `createdBy`, `deleted`) VALUES
(24, 23, 'top-tech-trends-2025', 'Top Tech Trends in 2025', 'What is Lorem Ipsum?\nLorem Ipsum is simply dummy text of the printing and typesetting industry. Lorem Ipsum has been the industry\'s standard dummy text ever since the 1500s, when an unknown printer took a galley of type and scrambled it to make a type specimen book. It has survived not only five centuries, but also the leap into electronic typesetting, remaining essentially unchanged. It was popularised in the 1960s with the release of Letraset sheets containing Lorem Ipsum passages, and more recently with desktop publishing software like Aldus PageMaker including versions of Lorem Ipsum.\n\nWhy do we use it?\nIt is a long established fact that a reader will be distracted by the readable content of a page when looking at its layout. The point of using Lorem Ipsum is that it has a more-or-less normal distribution of letters, as opposed to using \'Content here, content here\', making it look like readable English. Many desktop publishing packages and web page editors now use Lorem Ipsum as their default model text, and a search for \'lorem ipsum\' will uncover many web sites still in their infancy. Various versions have evolved over the years, sometimes by accident, sometimes on purpose (injected humour and the like).\n\n\nWhere does it come from?\nContrary to popular belief, Lorem Ipsum is not simply random text. It has roots in a piece of classical Latin literature from 45 BC, making it over 2000 years old. Richard McClintock, a Latin professor at Hampden-Sydney College in Virginia, looked up one of the more obscure Latin words, consectetur, from a Lorem Ipsum passage, and going through the cites of the word in classical literature, discovered the undoubtable source. Lorem Ipsum comes from sections 1.10.32 and 1.10.33 of \"de Finibus Bonorum et Malorum\" (The Extremes of Good and Evil) by Cicero, written in 45 BC. This book is a treatise on the theory of ethics, very popular during the Renaissance. The first line of Lorem Ipsum, \"Lorem ipsum dolor sit amet..\", comes from a line in section 1.10.32.\n\nThe standard chunk of Lorem Ipsum used since the 1500s is reproduced below for those interested. Sections 1.10.32 and 1.10.33 from \"de Finibus Bonorum et Malorum\" by Cicero are also reproduced in their exact original form, accompanied by English versions from the 1914 translation by H. Rackham', '', '', 'published', '2025-04-24 10:44:06', '2025-05-02 12:03:53', 'admin', 0),
(25, 23, 'healthy-living-tips', 'Healthy Living Tips for a Balanced Life', 'Discover effective tips for maintaining a healthy and balanced lifestyle.', 'https://images.unsplash.com/photo-1517336714731-489689fd1ca8?q=80&w=600&auto=format&fit=crop&ixlib=rb-4.0.3&ixid=M3wxMjA3fDB8MHxwaG90by1wYWdlfHx8fGVufDB8fHx8fA%3D%3D', '', 'deleted', '2025-03-17 09:39:19', '2025-05-02 11:18:22', 'admin', 1),
(26, 25, 'best-travel-destinations-2025', 'Best Travel Destinations for 2025', 'Explore the top travel destinations for adventure seekers in 2025.', 'https://images.unsplash.com/photo-1612817288484-6f916006741a?q=80&w=600&auto=format&fit=crop&ixlib=rb-4.0.3&ixid=M3wxMjA3fDB8MHxwaG90by1wYWdlfHx8fGVufDB8fHx8fA%3D%3D', '', 'draft', '2025-03-17 09:39:19', '2025-05-02 06:38:46', 'admin', 0),
(27, 26, 'financial-planning-young-professionals', 'Financial Planning for Young Professionals', 'Essential strategies for young professionals to manage and grow their finances.', 'https://plus.unsplash.com/premium_photo-1682432838340-e1001c1d97c8?q=80&w=600&auto=format&fit=crop&ixlib=rb-4.0.3&ixid=M3wxMjA3fDB8MHxwaG90by1wYWdlfHx8fGVufDB8fHx8fA%3D%3D', '', 'pending', '2025-03-17 09:39:19', '2025-05-02 06:38:43', 'admin', 0),
(28, 23, 'quick-easy-recipes', 'Quick and Easy Recipes for Busy People', 'Simple and delicious recipes for people on the go.', 'https://plus.unsplash.com/premium_photo-1682432838340-e1001c1d97c8?q=80&w=600&auto=format&fit=crop&ixlib=rb-4.0.3&ixid=M3wxMjA3fDB8MHxwaG90by1wYWdlfHx8fGVufDB8fHx8fA%3D%3D', '', 'published', '2025-03-17 09:39:19', '2025-05-02 05:18:58', 'admin', 0),
(29, 28, 'digital-marketing-trends', 'Digital Marketing Trends You Need to Know', 'A detailed guide on the upcoming trends in digital marketing.', 'https://images.unsplash.com/photo-1568378711447-f5eef04d85b5?q=80&w=600&auto=format&fit=crop&ixlib=rb-4.0.3&ixid=M3wxMjA3fDB8MHxwaG90by1wYWdlfHx8fGVufDB8fHx8fA%3D%3D', '', 'published', '2025-03-17 09:39:19', '2025-05-02 05:18:58', 'admin', 0),
(30, 29, 'startup-growth-strategies', 'Startup Growth Strategies in 2025', 'Effective strategies to ensure growth and sustainability for startups. What is Lorem Ipsum?\nLorem Ipsum is simply dummy text of the printing and typesetting industry. Lorem Ipsum has been the industry\'s standard dummy text ever since the 1500s, when an unknown printer took a galley of type and scrambled it to make a type specimen book. It has survived not only five centuries, but also the leap into electronic typesetting, remaining essentially unchanged. It was popularised in the 1960s with the release of Letraset sheets containing Lorem Ipsum passages, and more recently with desktop publishing software like Aldus PageMaker including versions of Lorem Ipsum.\n\nWhy do we use it?\nIt is a long established fact that a reader will be distracted by the readable content of a page when looking at its layout. The point of using Lorem Ipsum is that it has a more-or-less normal distribution of letters, as opposed to using \'Content here, content here\', making it look like readable English. Many desktop publishing packages and web page editors now use Lorem Ipsum as their default model text, and a search for \'lorem ipsum\' will uncover many web sites still in their infancy. Various versions have evolved over the years, sometimes by accident, sometimes on purpose (injected humour and the like).\n\n\nWhere does it come from?\nContrary to popular belief, Lorem Ipsum is not simply random text. It has roots in a piece of classical Latin literature from 45 BC, making it over 2000 years old. Richard McClintock, a Latin professor at Hampden-Sydney College in Virginia, looked up one of the more obscure Latin words, consectetur, from a Lorem Ipsum passage, and going through the cites of the word in classical literature, discovered the undoubtable source. Lorem Ipsum comes from sections 1.10.32 and 1.10.33 of \"de Finibus Bonorum et Malorum\" (The Extremes of Good and Evil) by Cicero, written in 45 BC. This book is a treatise on the theory of ethics, very popular during the Renaissance. The first line of Lorem Ipsum, \"Lorem ipsum dolor sit amet..\", comes from a line in section 1.10.32.\n\nThe standard chunk of Lorem Ipsum used since the 1500s is reproduced below for those interested. Sections 1.10.32 and 1.10.33 from \"de Finibus Bonorum et Malorum\" by Cicero are also reproduced in their exact original form, accompanied by English versions from the 1914 translation by H. Rackham', 'https://images.unsplash.com/photo-1612817288484-6f916006741a?q=80&w=600&auto=format&fit=crop&ixlib=rb-4.0.3&ixid=M3wxMjA3fDB8MHxwaG90by1wYWdlfHx8fGVufDB8fHx8fA%3D%3D', '', 'published', '2025-03-17 09:39:19', '2025-05-02 05:18:58', 'admin', 0),
(31, 30, 'online-learning-resources', 'Online Learning Resources for Students', 'What is Lorem Ipsum?\nLorem Ipsum is simply dummy text of the printing and typesetting industry. Lorem Ipsum has been the industry\'s standard dummy text ever since the 1500s, when an unknown printer took a galley of type and scrambled it to make a type specimen book. It has survived not only five centuries, but also the leap into electronic typesetting, remaining essentially unchanged. It was popularised in the 1960s with the release of Letraset sheets containing Lorem Ipsum passages, and more recently with desktop publishing software like Aldus PageMaker including versions of Lorem Ipsum.\n\nWhy do we use it?\nIt is a long established fact that a reader will be distracted by the readable content of a page when looking at its layout. The point of using Lorem Ipsum is that it has a more-or-less normal distribution of letters, as opposed to using \'Content here, content here\', making it look like readable English. Many desktop publishing packages and web page editors now use Lorem Ipsum as their default model text, and a search for \'lorem ipsum\' will uncover many web sites still in their infancy. Various versions have evolved over the years, sometimes by accident, sometimes on purpose (injected humour and the like).\n\n\nWhere does it come from?\nContrary to popular belief, Lorem Ipsum is not simply random text. It has roots in a piece of classical Latin literature from 45 BC, making it over 2000 years old. Richard McClintock, a Latin professor at Hampden-Sydney College in Virginia, looked up one of the more obscure Latin words, consectetur, from a Lorem Ipsum passage, and going through the cites of the word in classical literature, discovered the undoubtable source. Lorem Ipsum comes from sections 1.10.32 and 1.10.33 of \"de Finibus Bonorum et Malorum\" (The Extremes of Good and Evil) by Cicero, written in 45 BC. This book is a treatise on the theory of ethics, very popular during the Renaissance. The first line of Lorem Ipsum, \"Lorem ipsum dolor sit amet..\", comes from a line in section 1.10.32.\n\nThe standard chunk of Lorem Ipsum used since the 1500s is reproduced below for those interested. Sections 1.10.32 and 1.10.33 from \"de Finibus Bonorum et Malorum\" by Cicero are also reproduced in their exact original form, accompanied by English versions from the 1914 translation by H. Rackham', 'https://plus.unsplash.com/premium_photo-1682432838340-e1001c1d97c8?q=80&w=600&auto=format&fit=crop&ixlib=rb-4.0.3&ixid=M3wxMjA3fDB8MHxwaG90by1wYWdlfHx8fGVufDB8fHx8fA%3D%3D', '', 'published', '2025-03-17 09:39:19', '2025-05-02 05:18:58', 'admin', 0);

-- --------------------------------------------------------

--
-- Table structure for table `products`
--

CREATE TABLE `products` (
  `id` bigint(20) NOT NULL,
  `categoryId` int(11) DEFAULT NULL,
  `companyId` int(11) DEFAULT NULL,
  `name` varchar(255) NOT NULL,
  `identifier` varchar(255) NOT NULL,
  `description` text DEFAULT NULL,
  `price` decimal(10,2) NOT NULL,
  `sku` varchar(100) NOT NULL,
  `stockQuantity` int(11) NOT NULL,
  `imageUrl` varchar(255) DEFAULT NULL,
  `weight` decimal(10,2) DEFAULT NULL,
  `dimensions` varchar(100) DEFAULT NULL,
  `createdAt` timestamp NULL DEFAULT current_timestamp(),
  `updatedAt` timestamp NULL DEFAULT current_timestamp() ON UPDATE current_timestamp(),
  `createdBy` varchar(256) NOT NULL,
  `status` enum('active','inactive') DEFAULT 'active',
  `deleted` tinyint(1) DEFAULT 0
) ENGINE=InnoDB DEFAULT CHARSET=utf8mb4 COLLATE=utf8mb4_general_ci;

--
-- Dumping data for table `products`
--

INSERT INTO `products` (`id`, `categoryId`, `companyId`, `name`, `identifier`, `description`, `price`, `sku`, `stockQuantity`, `imageUrl`, `weight`, `dimensions`, `createdAt`, `updatedAt`, `createdBy`, `status`, `deleted`) VALUES
(1, 3, 1, 'Samsung Galaxy S21', 'samsung-galaxy-s21', 'The latest Samsung Galaxy smartphone with high-end features.', 799.00, 'S21-001', 50, 'https://images.unsplash.com/photo-1568378711447-f5eef04d85b5?q=80&w=600&auto=format&fit=crop&ixlib=rb-4.0.3&ixid=M3wxMjA3fDB8MHxwaG90by1wYWdlfHx8fGVufDB8fHx8fA%3D%3D', 1.00, '15x7x0.8 cm', '2025-03-07 10:21:07', '2025-03-13 10:07:12', 'admin', 'active', 0),
(2, 3, 2, 'MacBook Pro 13', 'macbook-pro-13', 'Apple MacBook Pro with M1 chip and Retina display.', 1299.99, 'MBP-13-001', 30, 'https://images.unsplash.com/photo-1517336714731-489689fd1ca8?q=80&w=600&auto=format&fit=crop&ixlib=rb-4.0.3&ixid=M3wxMjA3fDB8MHxwaG90by1wYWdlfHx8fGVufDB8fHx8fA%3D%3D', 1.30, '30x21x1.5 cm', '2025-03-07 10:21:07', '2025-03-13 07:49:21', 'admin', 'active', 0),
(3, 2, 1, 'Apple iPhone 12', 'iphone-12', 'Apple iPhone 12 with OLED display and 5G connectivity.', 799.00, 'IPH-12-001', 100, 'https://images.unsplash.com/photo-1618658848098-354b39109799?q=80&w=600&auto=format&fit=crop&ixlib=rb-4.0.3&ixid=M3wxMjA3fDB8MHxwaG90by1wYWdlfHx8fGVufDB8fHx8fA%3D%3D', 0.30, '15x7x0.75 cm', '2025-03-07 10:21:07', '2025-03-13 07:50:32', 'admin', 'active', 0),
(4, 3, 3, 'Graphic T-Shirt', 'graphic-tshirt', 'Cool graphic t-shirt with modern art print.', 190.00, 'TSHIRT-001', 200, 'https://images.unsplash.com/photo-1530558215369-ba361d8734f8?q=80&w=600&auto=format&fit=crop&ixlib=rb-4.0.3&ixid=M3wxMjA3fDB8MHxwaG90by1wYWdlfHx8fGVufDB8fHx8fA%3D%3D', 2.00, '40x30x1 cm', '2025-03-07 10:21:07', '2025-03-25 10:12:30', 'admin', 'active', 0),
(5, 9, 3, 'Summer Dress', 'summer-dress', 'Stylish summer dress for women.', 39.99, 'DRESS-001', 150, 'https://images.unsplash.com/photo-1499561385668-5ebdb06a79bc?q=80&w=600&auto=format&fit=crop&ixlib=rb-4.0.3&ixid=M3wxMjA3fDB8MHxwaG90by1wYWdlfHx8fGVufDB8fHx8fA%3D%3D', 0.40, '50x40x1.5 cm', '2025-03-07 10:21:07', '2025-03-13 07:54:58', 'admin', 'active', 0),
(6, 11, 6, 'Ergonomic Office Chair', 'ergonomic-office-chair', 'Comfortable office chair with lumbar support.', 129.99, 'CHAIR-001', 50, 'https://plus.unsplash.com/premium_photo-1682432838340-e1001c1d97c8?q=80&w=600&auto=format&fit=crop&ixlib=rb-4.0.3&ixid=M3wxMjA3fDB8MHxwaG90by1wYWdlfHx8fGVufDB8fHx8fA%3D%3D', 5.00, '80x60x60 cm', '2025-03-07 10:21:07', '2025-03-13 08:40:06', 'admin', 'active', 0),
(7, 11, 8, 'Sofa Set', 'sofa-set', 'Comfortable 3-seater sofa set for living rooms.', 499.99, 'SOFA-001', 20, 'https://plus.unsplash.com/premium_photo-1661954429387-c1517e1a67c2?q=80&w=600&auto=format&fit=crop&ixlib=rb-4.0.3&ixid=M3wxMjA3fDB8MHxwaG90by1wYWdlfHx8fGVufDB8fHx8fA%3D%3D', 35.00, '200x90x85 cm', '2025-03-07 10:21:07', '2025-03-13 08:40:12', 'admin', 'active', 0),
(8, 14, 7, 'Facial Serum', 'facial-serum', 'Hydrating serum for glowing skin.', 49.99, 'SERUM-001', 100, 'https://images.unsplash.com/photo-1612817288484-6f916006741a?q=80&w=600&auto=format&fit=crop&ixlib=rb-4.0.3&ixid=M3wxMjA3fDB8MHxwaG90by1wYWdlfHx8fGVufDB8fHx8fA%3D%3D', 0.10, '5x5x15 cm', '2025-03-07 10:21:07', '2025-03-13 08:40:10', 'admin', 'active', 0),
(9, 14, 2, 'Lipstick', 'lipstick', 'Long-lasting matte lipstick in various shades.', 19.99, 'LIP-001', 150, 'https://images.unsplash.com/photo-1625093742435-6fa192b6fb10?q=80&w=600&auto=format&fit=crop&ixlib=rb-4.0.3&ixid=M3wxMjA3fDB8MHxwaG90by1wYWdlfHx8fGVufDB8fHx8fA%3D%3D', 0.05, '3x3x10 cm', '2025-03-07 10:21:07', '2025-03-13 08:58:12', 'admin', 'inactive', 1);

-- --------------------------------------------------------

--
-- Table structure for table `refreshtoken`
--

CREATE TABLE `refreshtoken` (
  `id` int(11) NOT NULL,
  `RefreshToken` varchar(255) NOT NULL,
  `userId` char(36) NOT NULL
) ENGINE=InnoDB DEFAULT CHARSET=utf8mb4 COLLATE=utf8mb4_unicode_ci;

--
-- Dumping data for table `refreshtoken`
--

INSERT INTO `refreshtoken` (`id`, `RefreshToken`, `userId`) VALUES
(1, 'eyJhbGciOiJIUzI1NiIsInR5cCI6IkpXVCJ9.eyJ0b2tlbiI6IjgyMDE2YjQ5LTk4NmItNGI1My05MGM4LTE0YmE2YzdkZmRmNyIsImlhdCI6MTczODgyMzg2OCwiZXhwIjoxNzM5MDM5ODY4LCJpc3MiOiJsb29wYmFjazQifQ.cVJ1ia0FG8_JAvCJx5tYJ-pQ_4ryB-e22hDDwBrrlHI', '7c24c913-4af7-4922-87ac-0ac33c6f0d91'),
(2, 'eyJhbGciOiJIUzI1NiIsInR5cCI6IkpXVCJ9.eyJ0b2tlbiI6ImFkNWFkNTA2LWU3NTgtNDkzZS05NzhkLTc3OTNlMWI0MzU3ZSIsImlhdCI6MTczODgyMzg5MywiZXhwIjoxNzM5MDM5ODkzLCJpc3MiOiJsb29wYmFjazQifQ.tYhRxggrxvXBh3YfuCPf6iepf98ZweVZXn1e1OKrgxw', '7c24c913-4af7-4922-87ac-0ac33c6f0d91'),
(3, 'eyJhbGciOiJIUzI1NiIsInR5cCI6IkpXVCJ9.eyJ0b2tlbiI6ImUyYWE4ZDFkLWU1OGQtNDYwOS1iMDM2LWIyZmU5ZmNkM2E4ZSIsImlhdCI6MTczODgyNDI2MCwiZXhwIjoxNzM5MDQwMjYwLCJpc3MiOiJsb29wYmFjazQifQ.0_M5g3GWtZgJg1IlXRj0psSmzz4B3vRRnLd38NcH2pQ', '7c24c913-4af7-4922-87ac-0ac33c6f0d91'),
(4, 'eyJhbGciOiJIUzI1NiIsInR5cCI6IkpXVCJ9.eyJ0b2tlbiI6Ijc2YjY2YjgzLTY2NzctNGM1YS1iMmVlLWZlMDkyODhmYzBiNiIsImlhdCI6MTczODgyNDMxMCwiZXhwIjoxNzM5MDQwMzEwLCJpc3MiOiJsb29wYmFjazQifQ.btKvZNkzIavc1tbJ1ij4RU1Tv8u968qAanWIv5KyfRg', '7c24c913-4af7-4922-87ac-0ac33c6f0d91'),
(5, 'eyJhbGciOiJIUzI1NiIsInR5cCI6IkpXVCJ9.eyJ0b2tlbiI6IjE2ODRjZjBlLTMwOTUtNGNiOS1iMWRmLTg5YWU5NmEwOGNhYyIsImlhdCI6MTczOTE1MjE1NCwiZXhwIjoxNzM5MzY4MTU0LCJpc3MiOiJsb29wYmFjazQifQ.jT8WuJketAbt2VmGyco5R00ygXkRZPcVg7Ju67yKkt0', '7c24c913-4af7-4922-87ac-0ac33c6f0d91'),
(6, 'eyJhbGciOiJIUzI1NiIsInR5cCI6IkpXVCJ9.eyJ0b2tlbiI6ImNjYTUxMzA2LTQzYWEtNGJlOS05NTNkLWVjMmQ0YmM0MGVkMSIsImlhdCI6MTczOTE1MjE3OCwiZXhwIjoxNzM5MzY4MTc4LCJpc3MiOiJsb29wYmFjazQifQ.l0JMmb_sd3t7E6O5iBDiNaXZRnrxxUjySFfwvE5QvhU', '7c24c913-4af7-4922-87ac-0ac33c6f0d91'),
(7, 'eyJhbGciOiJIUzI1NiIsInR5cCI6IkpXVCJ9.eyJ0b2tlbiI6IjlhYmM3MDRjLTVlNGMtNDU5MS1iYWYxLTk0OTM2N2E2OWRmYSIsImlhdCI6MTczOTE1MjkyOCwiZXhwIjoxNzM5MzY4OTI4LCJpc3MiOiJsb29wYmFjazQifQ.PAe_4ZzewAAWfsGnwTMTMjZ9CLqRzRfM8vjbqEqoM5s', '7c24c913-4af7-4922-87ac-0ac33c6f0d91'),
(8, 'eyJhbGciOiJIUzI1NiIsInR5cCI6IkpXVCJ9.eyJ0b2tlbiI6IjE0ZmE2NDU3LWQyNWItNDU4Ni1hNDM2LWY4MmY5OTc2NDkzYiIsImlhdCI6MTczOTE1Mjk1MSwiZXhwIjoxNzM5MzY4OTUxLCJpc3MiOiJsb29wYmFjazQifQ.SkdtHCTJcj4JTumoli6fcAQ9NOJI61Z1s8y_QBrWKCw', '7c24c913-4af7-4922-87ac-0ac33c6f0d91'),
(9, 'eyJhbGciOiJIUzI1NiIsInR5cCI6IkpXVCJ9.eyJ0b2tlbiI6IjJiMTNiMzc5LTM5ZDItNDNlYy04YmRlLTBjZGUzMTkwNjA4MCIsImlhdCI6MTczOTE2NzEwNSwiZXhwIjoxNzM5MzgzMTA1LCJpc3MiOiJsb29wYmFjazQifQ.duezzqPIa2TspC1xSH03iRsfjesVnEOb3ID8SDrtHvA', '7c24c913-4af7-4922-87ac-0ac33c6f0d91'),
(10, 'eyJhbGciOiJIUzI1NiIsInR5cCI6IkpXVCJ9.eyJ0b2tlbiI6IjlkODIyM2RmLWVjZDgtNDVhYi04M2U5LTc4YTRlNzMwNDdmOSIsImlhdCI6MTczOTE2NzMwNCwiZXhwIjoxNzM5MzgzMzA0LCJpc3MiOiJsb29wYmFjazQifQ.D5APYAmXiphHxDnh3nqaFOBaZFo4fHkw9qDTp8Hfp5k', '7c24c913-4af7-4922-87ac-0ac33c6f0d91'),
(11, 'eyJhbGciOiJIUzI1NiIsInR5cCI6IkpXVCJ9.eyJ0b2tlbiI6IjM5ZTcyZDI3LTBmODItNDc1ZC1hNTcxLWE1OTA4M2E3MzI1NiIsImlhdCI6MTczOTE2ODAwNywiZXhwIjoxNzM5Mzg0MDA3LCJpc3MiOiJsb29wYmFjazQifQ.ElvIMKK8pY4RsqVF7-9ddUrOEFQGyDoXDzU2tAqzT0c', '7c24c913-4af7-4922-87ac-0ac33c6f0d91'),
(12, 'eyJhbGciOiJIUzI1NiIsInR5cCI6IkpXVCJ9.eyJ0b2tlbiI6Ijc3MjAzMTE5LTk3ZGQtNGE0My04MDQ3LWFkMzczM2VlZTE1NiIsImlhdCI6MTczOTE3MTUyNCwiZXhwIjoxNzM5Mzg3NTI0LCJpc3MiOiJsb29wYmFjazQifQ.Mc5b97Fnp5gU10udvPpcQ6XMY_Lbs9acYZ1IBuV-_n8', '7c24c913-4af7-4922-87ac-0ac33c6f0d91'),
(13, 'eyJhbGciOiJIUzI1NiIsInR5cCI6IkpXVCJ9.eyJ0b2tlbiI6IjAzYTIzNWZlLTg3NTItNDZlNS1hNjM1LTJjYmYzNzBjYWJkNiIsImlhdCI6MTczOTE3NDk4NCwiZXhwIjoxNzM5MzkwOTg0LCJpc3MiOiJsb29wYmFjazQifQ.zqLthFLt27EvCjP4yIlU7g8AC9hJwG4ndz4YSSW9e18', '7c24c913-4af7-4922-87ac-0ac33c6f0d91'),
(14, 'eyJhbGciOiJIUzI1NiIsInR5cCI6IkpXVCJ9.eyJ0b2tlbiI6IjJjNjFiY2VkLTM4OGUtNGZkYi1iMzg2LWMxNTQxZTA3YzY3OCIsImlhdCI6MTczOTI1MzgyMiwiZXhwIjoxNzM5NDY5ODIyLCJpc3MiOiJsb29wYmFjazQifQ.w-xprkt6AuooPQ3O2bsssUsS9CvTlZmLk7XforwlsIY', '7c24c913-4af7-4922-87ac-0ac33c6f0d91'),
(15, 'eyJhbGciOiJIUzI1NiIsInR5cCI6IkpXVCJ9.eyJ0b2tlbiI6IjkwZGM0YmExLWQ3ZGUtNGMwNS1iMWFkLTZlNDcwMmRhNjMwZCIsImlhdCI6MTczOTI3NjM1OSwiZXhwIjoxNzM5NDkyMzU5LCJpc3MiOiJsb29wYmFjazQifQ.8am8lRXJ1OEeaO9JX8qsJmuhiuXDNUIL1WaqzQqvLrM', '7c24c913-4af7-4922-87ac-0ac33c6f0d91'),
(16, 'eyJhbGciOiJIUzI1NiIsInR5cCI6IkpXVCJ9.eyJ0b2tlbiI6ImNiODQ0Nzc5LWE0ZTMtNDc3Mi1iZWFiLTQzYTMwOWViYjBmNyIsImlhdCI6MTczOTM1MDk1OCwiZXhwIjoxNzM5NTY2OTU4LCJpc3MiOiJsb29wYmFjazQifQ.f-JbuANdNvrcVMJF_z38fVagGl87IXn4h1Jug2Es6EY', '7c24c913-4af7-4922-87ac-0ac33c6f0d91'),
(17, 'eyJhbGciOiJIUzI1NiIsInR5cCI6IkpXVCJ9.eyJ0b2tlbiI6IjgwOGJkZWZhLTkyNzctNDQxMC04NzgyLWY0NDYyMzMxOGM1MSIsImlhdCI6MTczOTQ0NTM4MywiZXhwIjoxNzM5NjYxMzgzLCJpc3MiOiJsb29wYmFjazQifQ.NLIaJaQ3vyl8gG0GzWOEJD3C6h80BiqFhnp0pLNITYs', '7c24c913-4af7-4922-87ac-0ac33c6f0d91'),
(18, 'eyJhbGciOiJIUzI1NiIsInR5cCI6IkpXVCJ9.eyJ0b2tlbiI6IjViMDNiNzMxLTA3NzItNGUzZC05MmExLWM5ZTAyNjhiNTEwZSIsImlhdCI6MTczOTUyMTg2MywiZXhwIjoxNzM5NzM3ODYzLCJpc3MiOiJsb29wYmFjazQifQ.1Uxx18eQanML1e1HpRFidg7xXEtbsSoJNimUVJ7PQLY', '7c24c913-4af7-4922-87ac-0ac33c6f0d91'),
(19, 'eyJhbGciOiJIUzI1NiIsInR5cCI6IkpXVCJ9.eyJ0b2tlbiI6ImJmOTU4OGZkLTE3M2QtNDhkMy1iNzU5LTI5OWQ3NThkY2Y0ZiIsImlhdCI6MTczOTc2OTU0MiwiZXhwIjoxNzM5OTg1NTQyLCJpc3MiOiJsb29wYmFjazQifQ.DmJp4Eic4FTFt4kVzrVBzHstzP_TUZrpK6AnDdZGN0c', '7c24c913-4af7-4922-87ac-0ac33c6f0d91'),
(20, 'eyJhbGciOiJIUzI1NiIsInR5cCI6IkpXVCJ9.eyJ0b2tlbiI6Ijc1ZDFkODllLTIzYmYtNDRlNC1iMzZiLTNmNTg3YjFhYzY2MiIsImlhdCI6MTczOTc3OTQ1OCwiZXhwIjoxNzM5OTk1NDU4LCJpc3MiOiJsb29wYmFjazQifQ.1_0y8ZboqwCR8tpIgpu_hDuHesiAbTBIvAsLKZyN0c8', '7c24c913-4af7-4922-87ac-0ac33c6f0d91'),
(21, 'eyJhbGciOiJIUzI1NiIsInR5cCI6IkpXVCJ9.eyJ0b2tlbiI6IjQwMTExMDVlLWUzZmYtNDViZC05NGI4LTE5MTM3YjZjYzY5YyIsImlhdCI6MTczOTg1MjY5NCwiZXhwIjoxNzQwMDY4Njk0LCJpc3MiOiJsb29wYmFjazQifQ.Q6Yytft76ugxT0l44ZudC35erBa1Mm00r7ahABDw4_A', '7c24c913-4af7-4922-87ac-0ac33c6f0d91'),
(22, 'eyJhbGciOiJIUzI1NiIsInR5cCI6IkpXVCJ9.eyJ0b2tlbiI6IjM3MzEyZmZlLTYwYWEtNDU5Ni04NDAyLWMwNTAyZWE5YjIwMiIsImlhdCI6MTczOTg2OTAzMSwiZXhwIjoxNzQwMDg1MDMxLCJpc3MiOiJsb29wYmFjazQifQ.NJn2GF8wUJOQfvMAdy6c9pgQd6cojxMRNKqtYt1bCUc', '7c24c913-4af7-4922-87ac-0ac33c6f0d91'),
(23, 'eyJhbGciOiJIUzI1NiIsInR5cCI6IkpXVCJ9.eyJ0b2tlbiI6ImNhZjhhMDY1LTYwOWItNDQwZC04NzY3LTAzYzdiNmJmNmI0YyIsImlhdCI6MTczOTg2OTU2MywiZXhwIjoxNzQwMDg1NTYzLCJpc3MiOiJsb29wYmFjazQifQ.uhaBnL-rJEIcWdnAK1SOJlx0i1ont-KQkHlOYjXyFOM', '7c24c913-4af7-4922-87ac-0ac33c6f0d91'),
(24, 'eyJhbGciOiJIUzI1NiIsInR5cCI6IkpXVCJ9.eyJ0b2tlbiI6IjJlYjE1MWY5LThjNWMtNGExYy1iZjlkLWRkN2QzMTc0Y2I1ZCIsImlhdCI6MTczOTkzOTUzNCwiZXhwIjoxNzQwMTU1NTM0LCJpc3MiOiJsb29wYmFjazQifQ.Xy2W-NDCzjiolivWVI5byWMTOuwFzNeaK2TtDncKmRA', '7c24c913-4af7-4922-87ac-0ac33c6f0d91'),
(25, 'eyJhbGciOiJIUzI1NiIsInR5cCI6IkpXVCJ9.eyJ0b2tlbiI6ImQ0OTkzMDUzLWM2NjMtNDM0NC04Nzg5LTFkM2Y3NTJmZmMxNCIsImlhdCI6MTczOTk2NDc1NiwiZXhwIjoxNzQwMTgwNzU2LCJpc3MiOiJsb29wYmFjazQifQ.oHAJ379uWSelDjc_-4CXyjBNRJelVbPzX40GkD4_rGA', '7c24c913-4af7-4922-87ac-0ac33c6f0d91'),
(26, 'eyJhbGciOiJIUzI1NiIsInR5cCI6IkpXVCJ9.eyJ0b2tlbiI6ImI4YzZjZDgzLTg1YzQtNGNlYy1iMDFhLWVhY2EzMWI1YzM4OSIsImlhdCI6MTc0MDAyNjQ1MywiZXhwIjoxNzQwMjQyNDUzLCJpc3MiOiJsb29wYmFjazQifQ.7otf-x8oSDW2lVQ3xWeu5WvGh2yCxF3weghs94kFtOo', '7c24c913-4af7-4922-87ac-0ac33c6f0d91'),
(27, 'eyJhbGciOiJIUzI1NiIsInR5cCI6IkpXVCJ9.eyJ0b2tlbiI6IjVjZWVjNmJjLWY5ZGEtNGY2ZC1iZjc1LTQ5NzNhYzdlODc4ZiIsImlhdCI6MTc0MDAzNTYwOCwiZXhwIjoxNzQwMjUxNjA4LCJpc3MiOiJsb29wYmFjazQifQ.IJEiLxQrbG9MafXT2h1E1GgCYb3NWeJZLmvZn7XPkH4', '7c24c913-4af7-4922-87ac-0ac33c6f0d91'),
(28, 'eyJhbGciOiJIUzI1NiIsInR5cCI6IkpXVCJ9.eyJ0b2tlbiI6IjU3NjEyZDU5LWM3YWYtNDFkMC1hMzg5LTM0YTFjZDE5ODhmMyIsImlhdCI6MTc0MDA1MDY4MiwiZXhwIjoxNzQwMjY2NjgyLCJpc3MiOiJsb29wYmFjazQifQ.Tj2pi8ontGeBDgjXlxN4LUjH_O39xm1C1ChEmE1tbek', '7c24c913-4af7-4922-87ac-0ac33c6f0d91'),
(29, 'eyJhbGciOiJIUzI1NiIsInR5cCI6IkpXVCJ9.eyJ0b2tlbiI6IjgxN2FlZTU4LTQ0NDItNDg2My05MDI4LTk3Y2NjMjc0ODIwOCIsImlhdCI6MTc0MDA1MzA0MywiZXhwIjoxNzQwMjY5MDQzLCJpc3MiOiJsb29wYmFjazQifQ.FyXwNEy6s7Du58FPgm1NmzXvooIs_X-RHwDknuNkTBE', '7c24c913-4af7-4922-87ac-0ac33c6f0d91'),
(30, 'eyJhbGciOiJIUzI1NiIsInR5cCI6IkpXVCJ9.eyJ0b2tlbiI6IjEzNWIxZjNkLTgyNjktNDBkYy1iNTFmLTc0Y2UwMGRiYmNlZCIsImlhdCI6MTc0MDA1NjE4MCwiZXhwIjoxNzQwMjcyMTgwLCJpc3MiOiJsb29wYmFjazQifQ.f1hZ0A2C57M-mNepI4YxXGidAC-kT-VK-rUQVwcMOMk', '7c24c913-4af7-4922-87ac-0ac33c6f0d91'),
(31, 'eyJhbGciOiJIUzI1NiIsInR5cCI6IkpXVCJ9.eyJ0b2tlbiI6IjM1ZDVjODkwLTBhYTktNGUwMC05MDRlLTY4NjY3ZjhlMDQ3ZiIsImlhdCI6MTc0MDM3NzI2OSwiZXhwIjoxNzQwNTkzMjY5LCJpc3MiOiJsb29wYmFjazQifQ.SuayG1Zy43f0fG2AhpbTgoUXNagzmlYHuU5vax4h8cM', '7c24c913-4af7-4922-87ac-0ac33c6f0d91'),
(32, 'eyJhbGciOiJIUzI1NiIsInR5cCI6IkpXVCJ9.eyJ0b2tlbiI6Ijg5MWVlOTk4LTViNjYtNDc1Ni1hYTExLTdlZjZkNWI1MjJiNiIsImlhdCI6MTc0MDM3OTIzMiwiZXhwIjoxNzQwNTk1MjMyLCJpc3MiOiJsb29wYmFjazQifQ.sR6rK-5SWefdJu5SKQH4paFYT3uKckMXLgts24Dxn_0', '7c24c913-4af7-4922-87ac-0ac33c6f0d91'),
(33, 'eyJhbGciOiJIUzI1NiIsInR5cCI6IkpXVCJ9.eyJ0b2tlbiI6IjA4NzA0NDY5LTRjYjYtNDM1MC1hZWZmLTM3NDRlZjg5MDk2NCIsImlhdCI6MTc0MDM5OTg1NCwiZXhwIjoxNzQwNjE1ODU0LCJpc3MiOiJsb29wYmFjazQifQ.B6R5RzpJgEwbTWft-VRM4wkb8XGAG-hfuM5O641-Hzg', '7c24c913-4af7-4922-87ac-0ac33c6f0d91'),
(34, 'eyJhbGciOiJIUzI1NiIsInR5cCI6IkpXVCJ9.eyJ0b2tlbiI6ImU1NGYwYmQ3LWYwOWMtNDk0MC1iMjU4LTI3YWRlMTJkMWY1MyIsImlhdCI6MTc0MDQwMDA2NywiZXhwIjoxNzQwNjE2MDY3LCJpc3MiOiJsb29wYmFjazQifQ.3JDGanUuVIi9YFy1d37x7NeZIauFyLbaCxnVIlmcEM0', '7c24c913-4af7-4922-87ac-0ac33c6f0d91'),
(35, 'eyJhbGciOiJIUzI1NiIsInR5cCI6IkpXVCJ9.eyJ0b2tlbiI6IjkwMmEwNjI4LWFiNzctNGJhOS05MTNjLWY4N2MzNWEwYTRjOCIsImlhdCI6MTc0MDQwMDQzNCwiZXhwIjoxNzQwNjE2NDM0LCJpc3MiOiJsb29wYmFjazQifQ.qO4tagSxriDJt7yvWIk57nD8xUrRQRXNKVX8cBBZTpE', '7c24c913-4af7-4922-87ac-0ac33c6f0d91'),
(36, 'eyJhbGciOiJIUzI1NiIsInR5cCI6IkpXVCJ9.eyJ0b2tlbiI6IjFiYzE2OTk5LTA0ZmQtNDkzOS04NDk4LWU2Nzg1YTE3MDc2ZiIsImlhdCI6MTc0MDQwMzIyNSwiZXhwIjoxNzQwNjE5MjI1LCJpc3MiOiJsb29wYmFjazQifQ.MEF8TiPnbjkizbk-RA20uocEhfkioX8sIRNejOMxt4k', '7c24c913-4af7-4922-87ac-0ac33c6f0d91'),
(37, 'eyJhbGciOiJIUzI1NiIsInR5cCI6IkpXVCJ9.eyJ0b2tlbiI6IjE0M2Q5Zjg1LWZlN2EtNGFkMS05YzUyLTQyYTlkODFiMGFmNSIsImlhdCI6MTc0MDQ1OTQ0MCwiZXhwIjoxNzQwNjc1NDQwLCJpc3MiOiJsb29wYmFjazQifQ.JWzp0Ht8GZuRIoidijhLLssZONkoxVmsC1O0P7zjdw4', '7c24c913-4af7-4922-87ac-0ac33c6f0d91'),
(38, 'eyJhbGciOiJIUzI1NiIsInR5cCI6IkpXVCJ9.eyJ0b2tlbiI6IjFjY2U2ODMyLTY3ZjgtNDc4OC1iMTcxLTVmMWNlMzY0YTg3MSIsImlhdCI6MTc0MDQ2MTI1MSwiZXhwIjoxNzQwNjc3MjUxLCJpc3MiOiJsb29wYmFjazQifQ.q8wgaB7JhsQ4DqarBgzU5ZAYskO0L0g1TQvriqILDzg', '7c24c913-4af7-4922-87ac-0ac33c6f0d91'),
(39, 'eyJhbGciOiJIUzI1NiIsInR5cCI6IkpXVCJ9.eyJ0b2tlbiI6ImQzMjU3NTk5LWM1NDYtNDA3Ni1iNzdmLTE2MzdkNGI2MmRiYSIsImlhdCI6MTc0MDQ2MTMyOCwiZXhwIjoxNzQwNjc3MzI4LCJpc3MiOiJsb29wYmFjazQifQ.7pOsJAPOtRVOW9vMZ08lHhAzO-KP1W5EMB7uOXE1LAo', '7c24c913-4af7-4922-87ac-0ac33c6f0d91'),
(40, 'eyJhbGciOiJIUzI1NiIsInR5cCI6IkpXVCJ9.eyJ0b2tlbiI6IjA0ZWI1Zjg2LTI0M2UtNDQ4Ny05NmE4LWE5YWU3ZjNlNWVhMSIsImlhdCI6MTc0MDQ2MTQwNSwiZXhwIjoxNzQwNjc3NDA1LCJpc3MiOiJsb29wYmFjazQifQ.TYhBfChqkss8G1Q981nsVlvuWTvJ9UWTd56LtHLpTQE', '7c24c913-4af7-4922-87ac-0ac33c6f0d91'),
(41, 'eyJhbGciOiJIUzI1NiIsInR5cCI6IkpXVCJ9.eyJ0b2tlbiI6ImY2NDczNTU3LWY1NmYtNGE1Ny05NzZjLWViN2EyNzc1OTRkYSIsImlhdCI6MTc0MDQ2MTUyMSwiZXhwIjoxNzQwNjc3NTIxLCJpc3MiOiJsb29wYmFjazQifQ.hodpQ5rZui3wuv10naK6-ZsNU9R-dScAkEVTnan2fI8', '7c24c913-4af7-4922-87ac-0ac33c6f0d91'),
(42, 'eyJhbGciOiJIUzI1NiIsInR5cCI6IkpXVCJ9.eyJ0b2tlbiI6IjFiMWQ1MGVmLTQ5OTgtNDYwMS1iZTk3LTRjYzMyYmI4N2VmZCIsImlhdCI6MTc0MDQ2MjY5OCwiZXhwIjoxNzQwNjc4Njk4LCJpc3MiOiJsb29wYmFjazQifQ.9SYLjq5Lwtf44g9U9UYaiJZ0hUe8yngwe3IO7jjrlDY', '7c24c913-4af7-4922-87ac-0ac33c6f0d91'),
(43, 'eyJhbGciOiJIUzI1NiIsInR5cCI6IkpXVCJ9.eyJ0b2tlbiI6Ijg1ZWE2MDRjLTM0ODAtNGUzZi1iYjc2LWY3OTgzZGUxNDBhOCIsImlhdCI6MTc0MDQ2Mjc3MCwiZXhwIjoxNzQwNjc4NzcwLCJpc3MiOiJsb29wYmFjazQifQ.F98e3rLSY84-OBKSq1LnefLe8kyVhFfJofu4wwOJ5o4', '7c24c913-4af7-4922-87ac-0ac33c6f0d91'),
(44, 'eyJhbGciOiJIUzI1NiIsInR5cCI6IkpXVCJ9.eyJ0b2tlbiI6IjA5MjFlMWRkLTE2MDQtNGY5Zi1hZmY2LTcwMDg2OTQ2OWRlZiIsImlhdCI6MTc0MDQ2MzkxOSwiZXhwIjoxNzQwNjc5OTE5LCJpc3MiOiJsb29wYmFjazQifQ.RDsSpdGpzyT7Fk9CO52Hzg5agY0MMUNRob4mokPc8cc', '7c24c913-4af7-4922-87ac-0ac33c6f0d91'),
(45, 'eyJhbGciOiJIUzI1NiIsInR5cCI6IkpXVCJ9.eyJ0b2tlbiI6ImNiMTFjZjhlLWNlYzEtNDYzOS05Y2MyLTU3OTVjNzg2MWRhNCIsImlhdCI6MTc0MDQ2Mzk1OCwiZXhwIjoxNzQwNjc5OTU4LCJpc3MiOiJsb29wYmFjazQifQ.IULe2x98pgQinf-0G5YDC62z6eBe5cfLYS7YH3YLqRU', '7c24c913-4af7-4922-87ac-0ac33c6f0d91'),
(46, 'eyJhbGciOiJIUzI1NiIsInR5cCI6IkpXVCJ9.eyJ0b2tlbiI6IjRjMGE4YTUxLTMwZTgtNGEwYS05NWFlLWY3ODQ4ZTQyNDAzNSIsImlhdCI6MTc0MDQ2NDM0NiwiZXhwIjoxNzQwNjgwMzQ2LCJpc3MiOiJsb29wYmFjazQifQ.YP1e2ZRC9QVKHR6KQO7PWiHgsytFdBtwGrWa-BnqIl0', '7c24c913-4af7-4922-87ac-0ac33c6f0d91'),
(47, 'eyJhbGciOiJIUzI1NiIsInR5cCI6IkpXVCJ9.eyJ0b2tlbiI6ImM2MTdmMjllLTJmYjktNGZkZS1hNGEwLWE5M2ZkMjg0MDZhNiIsImlhdCI6MTc0MDQ2NzA2MywiZXhwIjoxNzQwNjgzMDYzLCJpc3MiOiJsb29wYmFjazQifQ.jPv0ksi7FZSj77tSTEGBm_lyS6YaDKGpqRfG9fGkFQc', '7c24c913-4af7-4922-87ac-0ac33c6f0d91'),
(48, 'eyJhbGciOiJIUzI1NiIsInR5cCI6IkpXVCJ9.eyJ0b2tlbiI6IjNkZmJhNzE3LTM5NDgtNDFjMy1hNjYwLTJjYmI2ZjExZWRiNiIsImlhdCI6MTc0MDQ2ODc5MCwiZXhwIjoxNzQwNjg0NzkwLCJpc3MiOiJsb29wYmFjazQifQ.bbVEuYEpXTEFS1150vYVo-hrUJbwIsK7ivDOzgd20C4', '7c24c913-4af7-4922-87ac-0ac33c6f0d91'),
(49, 'eyJhbGciOiJIUzI1NiIsInR5cCI6IkpXVCJ9.eyJ0b2tlbiI6IjI0M2E4YjRmLTNiMTgtNGVjOC05M2QwLTVhZGFmMjQyOTVmZSIsImlhdCI6MTc0MDQ3MzM4MywiZXhwIjoxNzQwNjg5MzgzLCJpc3MiOiJsb29wYmFjazQifQ.GeZxMl6RpuDGf2g1Qi4tfcokXtUbUS5zhIVefgfL-Lw', '7c24c913-4af7-4922-87ac-0ac33c6f0d91'),
(50, 'eyJhbGciOiJIUzI1NiIsInR5cCI6IkpXVCJ9.eyJ0b2tlbiI6ImI5MWZlZDZhLWQ5MjQtNDhkZC1hMjYwLThhZTEzNjI2MGFiYyIsImlhdCI6MTc0MDQ3NTk5MiwiZXhwIjoxNzQwNjkxOTkyLCJpc3MiOiJsb29wYmFjazQifQ.N3uYVwl7kl084ed4tg0CzLoWPd9dE4Lwm-ab5x7_OEU', '7c24c913-4af7-4922-87ac-0ac33c6f0d91'),
(51, 'eyJhbGciOiJIUzI1NiIsInR5cCI6IkpXVCJ9.eyJ0b2tlbiI6IjE0YTg4NjhhLTEyNDAtNDk4MC05YmMwLWI5ODNiMDdjYjNjYSIsImlhdCI6MTc0MDQ3ODM2MywiZXhwIjoxNzQwNjk0MzYzLCJpc3MiOiJsb29wYmFjazQifQ.2qRchdjMNQ1s0ihqZipaoRnYsJzg3TPy8fyhale1rCc', '7c24c913-4af7-4922-87ac-0ac33c6f0d91'),
(52, 'eyJhbGciOiJIUzI1NiIsInR5cCI6IkpXVCJ9.eyJ0b2tlbiI6IjQwMTU0YmZjLTZmNjYtNGE3Zi04OTEwLTQ2NjI0YzZkMjFjOSIsImlhdCI6MTc0MDQ3ODUwMiwiZXhwIjoxNzQwNjk0NTAyLCJpc3MiOiJsb29wYmFjazQifQ.nali1j5xZaRpo9WqzIA2ne7gq18bIASg0WIx9WMRl3g', '7c24c913-4af7-4922-87ac-0ac33c6f0d91'),
(53, 'eyJhbGciOiJIUzI1NiIsInR5cCI6IkpXVCJ9.eyJ0b2tlbiI6IjRjNGVjNDRkLTc4OTUtNDY5Zi1iYmQ1LTM4NDkyYTVjYmMzYyIsImlhdCI6MTc0MDQ4MDIwNywiZXhwIjoxNzQwNjk2MjA3LCJpc3MiOiJsb29wYmFjazQifQ.fv7NOCOFjO6FAIhMlYETJo5zYSWvX9MMCkrI3GwvKCw', '7c24c913-4af7-4922-87ac-0ac33c6f0d91'),
(54, 'eyJhbGciOiJIUzI1NiIsInR5cCI6IkpXVCJ9.eyJ0b2tlbiI6ImI3NDU4NDkxLTQ2OWUtNGRhMS1hNmY1LWY1NDg4MDg2Y2VmMiIsImlhdCI6MTc0MDU0NzgyOSwiZXhwIjoxNzQwNzYzODI5LCJpc3MiOiJsb29wYmFjazQifQ.kk8IEqVOKsBKvXgrQWX9Uc-KL0re6NY38WWwYNeNdxs', '7c24c913-4af7-4922-87ac-0ac33c6f0d91'),
(55, 'eyJhbGciOiJIUzI1NiIsInR5cCI6IkpXVCJ9.eyJ0b2tlbiI6ImZlZjJiZjY2LWMxOGQtNGM1Mi05ZDQ4LTlkZjEzNmQ0MWZjMSIsImlhdCI6MTc0MDU2OTQ5MSwiZXhwIjoxNzQwNzg1NDkxLCJpc3MiOiJsb29wYmFjazQifQ.5fAqIhUlz7-nsqdX3nItaqkRl9TbxJbkBSbq5jLzC0w', '7c24c913-4af7-4922-87ac-0ac33c6f0d91'),
(56, 'eyJhbGciOiJIUzI1NiIsInR5cCI6IkpXVCJ9.eyJ0b2tlbiI6ImVlNDA0YjIzLTc1MjQtNDQ5Mi1iMjE5LTY3ZWFjNTBlMzEzMyIsImlhdCI6MTc0MDY0MTc3NCwiZXhwIjoxNzQwODU3Nzc0LCJpc3MiOiJsb29wYmFjazQifQ.QfDeqk2KjApC0G3oxjl-hXqceHONkLlWzpVwg7C88bY', '7c24c913-4af7-4922-87ac-0ac33c6f0d91'),
(57, 'eyJhbGciOiJIUzI1NiIsInR5cCI6IkpXVCJ9.eyJ0b2tlbiI6IjU5NmRjMDgyLWEyYzUtNGJkMC05NWVhLWQ0N2EyNzA2NmQ4ZSIsImlhdCI6MTc0MDcxNjQzOSwiZXhwIjoxNzQwOTMyNDM5LCJpc3MiOiJsb29wYmFjazQifQ.Q-dopt-svfJCzJNdez-UATrUUp0RtTxIX897xXR3i1k', '7c24c913-4af7-4922-87ac-0ac33c6f0d91'),
(58, 'eyJhbGciOiJIUzI1NiIsInR5cCI6IkpXVCJ9.eyJ0b2tlbiI6Ijk0NjMwY2M0LTkyMTctNDM4OS1iYmJkLTUyMjRiYTcyOTk1NiIsImlhdCI6MTc0MDcxODUxNCwiZXhwIjoxNzQwOTM0NTE0LCJpc3MiOiJsb29wYmFjazQifQ.GSOt-ZyDnDUPTUdmbtWVHiH6q1S1n6UyCLyscEtmvY8', '7c24c913-4af7-4922-87ac-0ac33c6f0d91'),
(59, 'eyJhbGciOiJIUzI1NiIsInR5cCI6IkpXVCJ9.eyJ0b2tlbiI6Ijc0Mzc3MDg1LTU0ZDUtNDVjZi04MjM2LTI5YTdkNjQzMWI1MSIsImlhdCI6MTc0MDc0MDkxOSwiZXhwIjoxNzQwOTU2OTE5LCJpc3MiOiJsb29wYmFjazQifQ.VzoVPzWSyMVqgr7vaQhXmnMq2THIFqfg-dwDzNHOCH4', '7c24c913-4af7-4922-87ac-0ac33c6f0d91'),
(60, 'eyJhbGciOiJIUzI1NiIsInR5cCI6IkpXVCJ9.eyJ0b2tlbiI6IjQ4M2Y3YzI4LTQ4YTgtNDg2My1hNTVjLTkzOWQ3MzcyNWU3MiIsImlhdCI6MTc0MDk3NDQxNywiZXhwIjoxNzQxMTkwNDE3LCJpc3MiOiJsb29wYmFjazQifQ.ivKoTWzDaQqI6QzRK1n5qe228rMtv3YBC6TvROXgHYU', '7c24c913-4af7-4922-87ac-0ac33c6f0d91'),
(61, 'eyJhbGciOiJIUzI1NiIsInR5cCI6IkpXVCJ9.eyJ0b2tlbiI6ImMxNmE0NzNhLWY1NGUtNDljNi1hNDNiLWU4ZWJlNTFhODlmMCIsImlhdCI6MTc0MDk5NjQzNCwiZXhwIjoxNzQxMjEyNDM0LCJpc3MiOiJsb29wYmFjazQifQ._Ue7NegYbItAVPh-EUYLbUL2ZRPeEn1hHK_SFV9xRvU', '7c24c913-4af7-4922-87ac-0ac33c6f0d91'),
(62, 'eyJhbGciOiJIUzI1NiIsInR5cCI6IkpXVCJ9.eyJ0b2tlbiI6ImI2ZmMyMTAzLTVkYTAtNDdiNi1iYTFmLWNiNTQwYjdjMDZmMSIsImlhdCI6MTc0MTA2MzEwMiwiZXhwIjoxNzQxMjc5MTAyLCJpc3MiOiJsb29wYmFjazQifQ.rkcUrRTPrgneaPvGBPsVd9_-TfME_ZRVAwKc1lBA-S4', '7c24c913-4af7-4922-87ac-0ac33c6f0d91'),
(63, 'eyJhbGciOiJIUzI1NiIsInR5cCI6IkpXVCJ9.eyJ0b2tlbiI6ImI1NDYwOTg2LWY0YmYtNDMzNi1iODU4LWUzY2VmZDM0NTVlZCIsImlhdCI6MTc0MTE0NDUzMiwiZXhwIjoxNzQxMzYwNTMyLCJpc3MiOiJsb29wYmFjazQifQ.1R6ohVuNKrFj8WopsnWTLyFKBA82mlJ6OnmUBTx-UXs', '7c24c913-4af7-4922-87ac-0ac33c6f0d91'),
(64, 'eyJhbGciOiJIUzI1NiIsInR5cCI6IkpXVCJ9.eyJ0b2tlbiI6ImI3MTZkYjcwLTIyZjgtNGNlZi05ZmZkLTQ3OTFjZDA2NmZjYiIsImlhdCI6MTc0MTE0NzgxNCwiZXhwIjoxNzQxMzYzODE0LCJpc3MiOiJsb29wYmFjazQifQ.p4j3tjgVJ42WCSITmVVqNrmJwUg0Im2Kf4MqwwV5h8w', '7c24c913-4af7-4922-87ac-0ac33c6f0d91'),
(65, 'eyJhbGciOiJIUzI1NiIsInR5cCI6IkpXVCJ9.eyJ0b2tlbiI6IjQxNWZiZGMzLWIyMzktNDA4OC1iNTYzLTNkMzg0NzI5ODJhNCIsImlhdCI6MTc0MTE0OTQ4MiwiZXhwIjoxNzQxMzY1NDgyLCJpc3MiOiJsb29wYmFjazQifQ.-Kis4qfkksmzXrKsEo7dIXl6r0d3QO31L70KDDLBLFU', '7c24c913-4af7-4922-87ac-0ac33c6f0d91'),
(66, 'eyJhbGciOiJIUzI1NiIsInR5cCI6IkpXVCJ9.eyJ0b2tlbiI6Ijg3YjEzOGZlLWIxZjYtNDdjMS1iYWM3LWUzZTBlZGVlZGM4MSIsImlhdCI6MTc0MTIyOTQyMiwiZXhwIjoxNzQxNDQ1NDIyLCJpc3MiOiJsb29wYmFjazQifQ.P6szr1kCXSHheqUf6eaW71dE_05QIIogwkLPmuck3e8', '7c24c913-4af7-4922-87ac-0ac33c6f0d91'),
(67, 'eyJhbGciOiJIUzI1NiIsInR5cCI6IkpXVCJ9.eyJ0b2tlbiI6IjFmMWNhMjJkLTYwMzgtNDVkZC1hYTY0LTg4MjA1YzM1NWVhYyIsImlhdCI6MTc0MTI1MTIwMiwiZXhwIjoxNzQxNDY3MjAyLCJpc3MiOiJsb29wYmFjazQifQ.IVY2A5mLXV4_MiPnTRh3SAkMdX03vEoRjHNuoOHAPbQ', '7c24c913-4af7-4922-87ac-0ac33c6f0d91'),
(68, 'eyJhbGciOiJIUzI1NiIsInR5cCI6IkpXVCJ9.eyJ0b2tlbiI6ImYyNjFhYzNlLTBkOTctNGE5YS05ODYxLTEyNTM3MjY4N2MzOCIsImlhdCI6MTc0MTMxNTg5MiwiZXhwIjoxNzQxNTMxODkyLCJpc3MiOiJsb29wYmFjazQifQ.ucImTf64xqMuXLUdFvhV2Kxmr37ToOfkxnoraYXRK_w', '7c24c913-4af7-4922-87ac-0ac33c6f0d91'),
(69, 'eyJhbGciOiJIUzI1NiIsInR5cCI6IkpXVCJ9.eyJ0b2tlbiI6ImE1NGQxNGE2LWNlMDMtNDIxZS05MTM4LWE1NDUzY2U1Njk0YSIsImlhdCI6MTc0MTMyODE5OCwiZXhwIjoxNzQxNTQ0MTk4LCJpc3MiOiJsb29wYmFjazQifQ.06qzFHmxoRmkCT6EByDVZB9peivgG43V3EhtGxd8zfM', '7c24c913-4af7-4922-87ac-0ac33c6f0d91'),
(70, 'eyJhbGciOiJIUzI1NiIsInR5cCI6IkpXVCJ9.eyJ0b2tlbiI6IjJkYzMyNTI0LWVhNDUtNDZmMi05YzM3LTZmMzdkMjcxNTY5YSIsImlhdCI6MTc0MTU3NTUzMSwiZXhwIjoxNzQxNzkxNTMxLCJpc3MiOiJsb29wYmFjazQifQ.rMqOzAUguk5gArD7nHvNueJ3UULrIGSl-Y-4YfTjvPw', '7c24c913-4af7-4922-87ac-0ac33c6f0d91'),
(71, 'eyJhbGciOiJIUzI1NiIsInR5cCI6IkpXVCJ9.eyJ0b2tlbiI6IjQwZDMyMGMxLTAwZTItNDRkOS05ZWYyLWViZjNjMzE3ZTQwNCIsImlhdCI6MTc0MTU4NDc4MywiZXhwIjoxNzQxODAwNzgzLCJpc3MiOiJsb29wYmFjazQifQ.7lCHcnyChWvkuUog9b3CINTGFS5KYYx7X9OD3u_6x5A', '7c24c913-4af7-4922-87ac-0ac33c6f0d91'),
(72, 'eyJhbGciOiJIUzI1NiIsInR5cCI6IkpXVCJ9.eyJ0b2tlbiI6Ijc0YzRmNjFmLTQ5N2UtNGE1MS05MzliLWVlZWUyMDg3MjI4ZiIsImlhdCI6MTc0MTY2MTc2NSwiZXhwIjoxNzQxODc3NzY1LCJpc3MiOiJsb29wYmFjazQifQ.-hgIF2o6kSQH_1eIyWKDPHIUcvsCJeaURahvjD1R3qI', '7c24c913-4af7-4922-87ac-0ac33c6f0d91'),
(73, 'eyJhbGciOiJIUzI1NiIsInR5cCI6IkpXVCJ9.eyJ0b2tlbiI6IjU2YTE2MmVlLTBkMTYtNGMxMC04YmQzLWZkZTFhYjkxZTM1MiIsImlhdCI6MTc0MTY4Mzg4NywiZXhwIjoxNzQxODk5ODg3LCJpc3MiOiJsb29wYmFjazQifQ.A_JSYM8IMqWvXaWMR2xoJYQe6PPW6mlg6BzQgletfxw', '7c24c913-4af7-4922-87ac-0ac33c6f0d91'),
(74, 'eyJhbGciOiJIUzI1NiIsInR5cCI6IkpXVCJ9.eyJ0b2tlbiI6IjNlN2U3OWQ2LTBhYzYtNDFjNi1hZWExLTgyYWY3OTk4MDAwMyIsImlhdCI6MTc0MTgzNTAxNywiZXhwIjoxNzQyMDUxMDE3LCJpc3MiOiJsb29wYmFjazQifQ.R-9Qab-gs0Uwvpul3sNGRuuMehOPG0gVt76esMjCRgM', '7c24c913-4af7-4922-87ac-0ac33c6f0d91'),
(75, 'eyJhbGciOiJIUzI1NiIsInR5cCI6IkpXVCJ9.eyJ0b2tlbiI6IjQ1Nzg2ZWVkLTZlYzUtNDY2Zi04Y2Y1LTA5YjBlZmNlMzkwMSIsImlhdCI6MTc0MTg1ODA5NCwiZXhwIjoxNzQyMDc0MDk0LCJpc3MiOiJsb29wYmFjazQifQ.WRuTZyIDGN7KiiuVE6eIfW36uStC8c4xtd9UmMuFW30', '7c24c913-4af7-4922-87ac-0ac33c6f0d91'),
(76, 'eyJhbGciOiJIUzI1NiIsInR5cCI6IkpXVCJ9.eyJ0b2tlbiI6IjgwM2ZhZjVjLTNmMWEtNDFhMS1iYjAyLTZkM2EyYmMyNzExZSIsImlhdCI6MTc0MTkyMDI1MiwiZXhwIjoxNzQyMTM2MjUyLCJpc3MiOiJsb29wYmFjazQifQ.WdcR9Wz33abtNn8EFib-aR016ZIiK10UHITfc2uvIro', '7c24c913-4af7-4922-87ac-0ac33c6f0d91'),
(77, 'eyJhbGciOiJIUzI1NiIsInR5cCI6IkpXVCJ9.eyJ0b2tlbiI6ImU4OGJiNGY3LTNkNTgtNDBjOS1iYmU5LWE0NzEyZmFjZDk2NCIsImlhdCI6MTc0MTk0MjQxNiwiZXhwIjoxNzQyMTU4NDE2LCJpc3MiOiJsb29wYmFjazQifQ.DQMU3kkWGoMID2AABy0BZ1n3pZFp2bF9BJnc_XF2ezM', '7c24c913-4af7-4922-87ac-0ac33c6f0d91'),
(78, 'eyJhbGciOiJIUzI1NiIsInR5cCI6IkpXVCJ9.eyJ0b2tlbiI6ImM1NDFhMGE0LTJmZjAtNDk4Zi1hM2U5LTc2NDRiYjg5ZWVkZCIsImlhdCI6MTc0MjE3OTUwMiwiZXhwIjoxNzQyMzk1NTAyLCJpc3MiOiJsb29wYmFjazQifQ.37CfnI6u_eQeAh0i6NeNpmjc7mYY2nOiOF_bBNGkBGo', '7c24c913-4af7-4922-87ac-0ac33c6f0d91'),
(79, 'eyJhbGciOiJIUzI1NiIsInR5cCI6IkpXVCJ9.eyJ0b2tlbiI6IjUxMjdiMTQyLTZkOGQtNGFiNC05NTE5LWQxMDBjZjdhODhiZSIsImlhdCI6MTc0MjIwMzQ3NCwiZXhwIjoxNzQyNDE5NDc0LCJpc3MiOiJsb29wYmFjazQifQ.uJ81EKPr2h4Si2yjJvdBdy4MEPcF6vkWNbBwGYMFVj8', '7c24c913-4af7-4922-87ac-0ac33c6f0d91'),
(80, 'eyJhbGciOiJIUzI1NiIsInR5cCI6IkpXVCJ9.eyJ0b2tlbiI6ImJiOWNmZmM2LTc0M2ItNDFlMC1hNmNkLTEyN2Q5MGIzNWNhMCIsImlhdCI6MTc0MjI3NjY0MiwiZXhwIjoxNzQyNDkyNjQyLCJpc3MiOiJsb29wYmFjazQifQ.p78LwvY2h-EqtaOETBpb1hsbWpMXN4_7aRP2A3Z-A-4', '97904874-493a-4ce6-a552-35bb4a13463c'),
(81, 'eyJhbGciOiJIUzI1NiIsInR5cCI6IkpXVCJ9.eyJ0b2tlbiI6IjhjN2IxYjhjLWIyZTUtNDc1NS04ZThlLWFjYTExYTc4OWZhMCIsImlhdCI6MTc0MjI3OTA1OSwiZXhwIjoxNzQyNDk1MDU5LCJpc3MiOiJsb29wYmFjazQifQ.rOqjQyfKZ9BoqI4qvjza79IRv9LP_fGRIGWFoxnf7Pg', '97904874-493a-4ce6-a552-35bb4a13463c'),
(82, 'eyJhbGciOiJIUzI1NiIsInR5cCI6IkpXVCJ9.eyJ0b2tlbiI6IjIzYTE4MGY0LWFlZDUtNGIzYy1iNGEwLTMxZjVmYjRhMmNkMiIsImlhdCI6MTc0MjI4MTU5NiwiZXhwIjoxNzQyNDk3NTk2LCJpc3MiOiJsb29wYmFjazQifQ.3nZ1Uh1Tarb069bpXDhDH-BOsQZFBo-xIU9Skt8HB5M', '97904874-493a-4ce6-a552-35bb4a13463c'),
(83, 'eyJhbGciOiJIUzI1NiIsInR5cCI6IkpXVCJ9.eyJ0b2tlbiI6Ijc2MTkxMzQ0LTI5MjQtNGRlYy04NDg0LWUxMTMxNmYyODUxMCIsImlhdCI6MTc0MjI4NTQ2MSwiZXhwIjoxNzQyNTAxNDYxLCJpc3MiOiJsb29wYmFjazQifQ.axzb56b-RTpRxx5B8wsHv-WuD-Fw3EvZJGea3_e86-Q', '97904874-493a-4ce6-a552-35bb4a13463c'),
(84, 'eyJhbGciOiJIUzI1NiIsInR5cCI6IkpXVCJ9.eyJ0b2tlbiI6ImRjOWVjZTFlLTBkZmMtNDFmYy04ODEyLTFlZmRjMWRjMDNhNCIsImlhdCI6MTc0MjM1NTQ0NiwiZXhwIjoxNzQyNTcxNDQ2LCJpc3MiOiJsb29wYmFjazQifQ.pz9cYyLeHEadWr-kZb0f5MBf8d1X7FSmy9xAd_-v08A', '97904874-493a-4ce6-a552-35bb4a13463c'),
(85, 'eyJhbGciOiJIUzI1NiIsInR5cCI6IkpXVCJ9.eyJ0b2tlbiI6IjU4YjkzZWU1LWQ2NjctNDVhZS05NDkxLTAwODdmMjAwZDNkOCIsImlhdCI6MTc0MjM1Nzg1NCwiZXhwIjoxNzQyNTczODU0LCJpc3MiOiJsb29wYmFjazQifQ.NXVA0uToRm64k6sIUt-o9Mr4gH0auduLA1COm7njTcA', '97904874-493a-4ce6-a552-35bb4a13463c'),
(86, 'eyJhbGciOiJIUzI1NiIsInR5cCI6IkpXVCJ9.eyJ0b2tlbiI6ImNkMWYxMjM2LTE1YzgtNDczNy1iYTZmLTE1NWVmZGI2ODdiYiIsImlhdCI6MTc0MjM1Nzg4MiwiZXhwIjoxNzQyNTczODgyLCJpc3MiOiJsb29wYmFjazQifQ.5u8rUHtNsbKE7nE_TsJo-ZiT3e5FNBHIqmuG7GYA4qU', '97904874-493a-4ce6-a552-35bb4a13463c'),
(87, 'eyJhbGciOiJIUzI1NiIsInR5cCI6IkpXVCJ9.eyJ0b2tlbiI6IjZkNGEyY2NkLWJlOWUtNGY5My1hNzgwLWQzMGNlN2Q5YjQyMSIsImlhdCI6MTc0MjM1NzkxMCwiZXhwIjoxNzQyNTczOTEwLCJpc3MiOiJsb29wYmFjazQifQ.qXxUFq_3wq4hSLNJ8td4K0gjg9oHqAjuDj7SrJPQrP8', '97904874-493a-4ce6-a552-35bb4a13463c'),
(88, 'eyJhbGciOiJIUzI1NiIsInR5cCI6IkpXVCJ9.eyJ0b2tlbiI6IjAwNWY1NDViLWQwMGEtNDZiZi04NGJlLWVhYzY3NGI2ZTlkYyIsImlhdCI6MTc0MjM1NzkxOCwiZXhwIjoxNzQyNTczOTE4LCJpc3MiOiJsb29wYmFjazQifQ._Fg88PCrZWA1cHYQJ81G1T7ph_khyTL3xKjV23m64k8', '97904874-493a-4ce6-a552-35bb4a13463c'),
(89, 'eyJhbGciOiJIUzI1NiIsInR5cCI6IkpXVCJ9.eyJ0b2tlbiI6ImI2MzQwZjlhLTZiZDMtNDBiZi1hNDM0LWFlZjY5MzJjMmVkOCIsImlhdCI6MTc0MjM1ODQ0NywiZXhwIjoxNzQyNTc0NDQ3LCJpc3MiOiJsb29wYmFjazQifQ.POUqd42oRx3FOkqDFH0JztMnJt25bOlkmLClYxMatYI', '97904874-493a-4ce6-a552-35bb4a13463c'),
(90, 'eyJhbGciOiJIUzI1NiIsInR5cCI6IkpXVCJ9.eyJ0b2tlbiI6IjYzMDQ5NWExLTk1NmUtNGVhMS04NTg2LWRmNzU4MTRiNGY4OCIsImlhdCI6MTc0MjM1ODU1MSwiZXhwIjoxNzQyNTc0NTUxLCJpc3MiOiJsb29wYmFjazQifQ.pc-0TmoW1ayd3Rw9QNDlTgku3DJhR1WkRjmJ-k3F9qw', '97904874-493a-4ce6-a552-35bb4a13463c'),
(91, 'eyJhbGciOiJIUzI1NiIsInR5cCI6IkpXVCJ9.eyJ0b2tlbiI6ImM0ODE0OTRkLTA5YjctNGRjYS05MWFmLWJiYjdkZmIwYWUyMyIsImlhdCI6MTc0MjM1OTkyOSwiZXhwIjoxNzQyNTc1OTI5LCJpc3MiOiJsb29wYmFjazQifQ.cNEK97z1xUpDZUDlXd58Nf-ECX6EyDCGJ8JXOimqGEs', '97904874-493a-4ce6-a552-35bb4a13463c'),
(92, 'eyJhbGciOiJIUzI1NiIsInR5cCI6IkpXVCJ9.eyJ0b2tlbiI6Ijg3M2VjMjBiLWRlNTUtNDhhNS1hZDEwLTRiYTZiMTU2MWRhMiIsImlhdCI6MTc0MjM2MDAxMCwiZXhwIjoxNzQyNTc2MDEwLCJpc3MiOiJsb29wYmFjazQifQ.AeEy7rwzDfadIkiQYbBrsYZKHJzDA_J4BfwMaF99NYw', '97904874-493a-4ce6-a552-35bb4a13463c'),
(93, 'eyJhbGciOiJIUzI1NiIsInR5cCI6IkpXVCJ9.eyJ0b2tlbiI6ImQ0NzVjYWI1LWJjMDEtNDZlMi04YmMwLWNjYzcxNTA0YWQ5ZiIsImlhdCI6MTc0MjM2MDE1NCwiZXhwIjoxNzQyNTc2MTU0LCJpc3MiOiJsb29wYmFjazQifQ.hIwmO8YVnLc0AZS1bEZ_OCA0G2g8xzxsANiQJeqZZa0', '97904874-493a-4ce6-a552-35bb4a13463c'),
(94, 'eyJhbGciOiJIUzI1NiIsInR5cCI6IkpXVCJ9.eyJ0b2tlbiI6IjYyOTQ1ZThlLTZmOTYtNDIzZC04YmZkLTE5OTgxZjQ0MzU4MSIsImlhdCI6MTc0MjM2MjQ4NywiZXhwIjoxNzQyNTc4NDg3LCJpc3MiOiJsb29wYmFjazQifQ.t1kKOlLFsU5H9kye_EWetFWh7Bhxw54IoQBUmWKuk9Q', '86c43859-4402-41a9-b774-2ab98230a6c8'),
(95, 'eyJhbGciOiJIUzI1NiIsInR5cCI6IkpXVCJ9.eyJ0b2tlbiI6IjE1MjY5YjA5LTUxYjktNGMwYy1iY2IwLWE3OWQ0OWU0MmFiZSIsImlhdCI6MTc0MjQ0MDMyOCwiZXhwIjoxNzQyNjU2MzI4LCJpc3MiOiJsb29wYmFjazQifQ.wi06KJ6M3Fc_5kKaXGrU8UYbnml9cJu1jouvFA6u6uI', '97904874-493a-4ce6-a552-35bb4a13463c'),
(96, 'eyJhbGciOiJIUzI1NiIsInR5cCI6IkpXVCJ9.eyJ0b2tlbiI6ImE1YzJjYmU4LWJkYzYtNGRhNi04YWZhLTU1ODg0MTE5NjQ1ZSIsImlhdCI6MTc0MjQ0MDY4OCwiZXhwIjoxNzQyNjU2Njg4LCJpc3MiOiJsb29wYmFjazQifQ.icWUrwr0LWUVI1lW7XGmVOK9oTLy-OuMtHrwbGDqpIk', '7c24c913-4af7-4922-87ac-0ac33c6f0d91'),
(97, 'eyJhbGciOiJIUzI1NiIsInR5cCI6IkpXVCJ9.eyJ0b2tlbiI6IjA4OWIxMjNlLWJlYzktNDA3NS1iM2QyLTU4YjAwZGRlMWFjZiIsImlhdCI6MTc0MjQ2NTM0MCwiZXhwIjoxNzQyNjgxMzQwLCJpc3MiOiJsb29wYmFjazQifQ.TpGVWyfxMtfTizXVb3r5g4QHWDdKBVKA848BMXuPYNw', '7c24c913-4af7-4922-87ac-0ac33c6f0d91'),
(98, 'eyJhbGciOiJIUzI1NiIsInR5cCI6IkpXVCJ9.eyJ0b2tlbiI6IjEyMGFjZTQzLTQzOGEtNDRlNi1hZjhlLThjNWM4NGU1NjI3ZCIsImlhdCI6MTc0MjUyNTUzNiwiZXhwIjoxNzQyNzQxNTM2LCJpc3MiOiJsb29wYmFjazQifQ.cbkHLALChT_Vw1l0IeNJ0ZnK5bfYk1JAY9ZfRIQiR3M', '7c24c913-4af7-4922-87ac-0ac33c6f0d91'),
(99, 'eyJhbGciOiJIUzI1NiIsInR5cCI6IkpXVCJ9.eyJ0b2tlbiI6IjRlMmE0MzBlLTViZjItNDMyMC04NWVlLTcwYmU3MTdiZGVmOCIsImlhdCI6MTc0MjU1MDM4NywiZXhwIjoxNzQyNzY2Mzg3LCJpc3MiOiJsb29wYmFjazQifQ.PrG6ZSwFRWGWRAjVB7_gpYgy80GzQXIxyzD-5HKHqMc', '7c24c913-4af7-4922-87ac-0ac33c6f0d91'),
(100, 'eyJhbGciOiJIUzI1NiIsInR5cCI6IkpXVCJ9.eyJ0b2tlbiI6ImYyMWExNDg2LTY3YmEtNDZiYy1iNTUzLWE1MzkzMGZlZjljZSIsImlhdCI6MTc0MjgwMjQyOCwiZXhwIjoxNzQzMDE4NDI4LCJpc3MiOiJsb29wYmFjazQifQ.L67zsPIlrKOB2Lt8Q0m2YkOgAwT-iyBOz4hZZf0E8Ig', '7c24c913-4af7-4922-87ac-0ac33c6f0d91'),
(101, 'eyJhbGciOiJIUzI1NiIsInR5cCI6IkpXVCJ9.eyJ0b2tlbiI6ImIwYmJmMzU3LWQ3NDUtNDQ0MS04Nzg4LWUzODg0YTI5NmZmNiIsImlhdCI6MTc0Mjg3NDA5NCwiZXhwIjoxNzQzMDkwMDk0LCJpc3MiOiJsb29wYmFjazQifQ.9wB_kfLjJNHm_xH_49Eb3j5X1RiFzffepyFl9rKDK58', '7c24c913-4af7-4922-87ac-0ac33c6f0d91'),
(102, 'eyJhbGciOiJIUzI1NiIsInR5cCI6IkpXVCJ9.eyJ0b2tlbiI6ImI4OTVkOGVkLTBjMTktNDIyZS05ZjJhLTg2MjdmMjgwMjJiNCIsImlhdCI6MTc0Mjg5NzU1MiwiZXhwIjoxNzQzMTEzNTUyLCJpc3MiOiJsb29wYmFjazQifQ.vZPxStr5KUsptT0TgbvFQQ1bcT7pp9jcskg_8obkedQ', '7c24c913-4af7-4922-87ac-0ac33c6f0d91'),
(103, 'eyJhbGciOiJIUzI1NiIsInR5cCI6IkpXVCJ9.eyJ0b2tlbiI6ImQ3YTM3N2RmLTMxN2MtNDdkYi1iODMxLTVmOTFjNWEzMTg4OCIsImlhdCI6MTc0Mjk2MDI1NSwiZXhwIjoxNzQzMTc2MjU1LCJpc3MiOiJsb29wYmFjazQifQ._lJzUSKMb8R1qbWfm22BpMQU-Wm1V-TBHUKbVW6xRwU', '7c24c913-4af7-4922-87ac-0ac33c6f0d91'),
(104, 'eyJhbGciOiJIUzI1NiIsInR5cCI6IkpXVCJ9.eyJ0b2tlbiI6IjIwMzAwMDU0LTRlYzAtNGU4MC05Y2U0LTI2ZDE3ZDk4NGRkYyIsImlhdCI6MTc0Mjk2MTAwNCwiZXhwIjoxNzQzMTc3MDA0LCJpc3MiOiJsb29wYmFjazQifQ.X6jMhGGrs7GPaY64vu_3hv0pJjRPd_RgVRlXaSeuGu0', '7c24c913-4af7-4922-87ac-0ac33c6f0d91'),
(105, 'eyJhbGciOiJIUzI1NiIsInR5cCI6IkpXVCJ9.eyJ0b2tlbiI6ImM1MzJmODhjLTU0ZWYtNGI5NS1hODYzLTAzNjFjYzViNWY3OSIsImlhdCI6MTc0NDAwNzcwNiwiZXhwIjoxNzQ0MjIzNzA2LCJpc3MiOiJsb29wYmFjazQifQ.KJvgE6MvYCRWkdPxDG8TwrG-VQD1tXqiAEArjUcjyk8', '7c24c913-4af7-4922-87ac-0ac33c6f0d91'),
(106, 'eyJhbGciOiJIUzI1NiIsInR5cCI6IkpXVCJ9.eyJ0b2tlbiI6IjY3MmYxZDc3LTIyYmItNGRiYy04NjU1LWUxOWRkNjAyMTJkYiIsImlhdCI6MTc0NDA5MDE2MCwiZXhwIjoxNzQ0MzA2MTYwLCJpc3MiOiJsb29wYmFjazQifQ.a9Lj_Kbwr1Q3wJbx0ssqlsi_gfhkIIDFLstkSRNn2ag', '7c24c913-4af7-4922-87ac-0ac33c6f0d91'),
(107, 'eyJhbGciOiJIUzI1NiIsInR5cCI6IkpXVCJ9.eyJ0b2tlbiI6IjBhYTc0YmI5LTU3NzItNDc2Ni1hNzg5LTBmMGUyYWNhNWZkNCIsImlhdCI6MTc0NDA5MDE3MiwiZXhwIjoxNzQ0MzA2MTcyLCJpc3MiOiJsb29wYmFjazQifQ.8vSzX4MXggz85rY0TAqB3U6P4pEiGlN34L2OToAAQPI', '7c24c913-4af7-4922-87ac-0ac33c6f0d91'),
(108, 'eyJhbGciOiJIUzI1NiIsInR5cCI6IkpXVCJ9.eyJ0b2tlbiI6ImM5ZWE0YTBkLWI4MWMtNGJhNS04YWM1LTFiMzY1ZGRiOWMwMSIsImlhdCI6MTc0NDA5MDE4OCwiZXhwIjoxNzQ0MzA2MTg4LCJpc3MiOiJsb29wYmFjazQifQ.zQDvMpy4Pn_dDCkjvu8-tWQ6QrGYH0tzzmv5iJzXxuY', '7c24c913-4af7-4922-87ac-0ac33c6f0d91'),
(109, 'eyJhbGciOiJIUzI1NiIsInR5cCI6IkpXVCJ9.eyJ0b2tlbiI6IjQ5NTBkN2ZmLWUzMjItNDJmNy04NDVmLTMwODZiMGQwOTkxYyIsImlhdCI6MTc0NDA5MDIwMywiZXhwIjoxNzQ0MzA2MjAzLCJpc3MiOiJsb29wYmFjazQifQ.rdwc8s-UTTcdiPp-D1blpmvnKJb0yjo4Aurbemt16HY', '7c24c913-4af7-4922-87ac-0ac33c6f0d91'),
(110, 'eyJhbGciOiJIUzI1NiIsInR5cCI6IkpXVCJ9.eyJ0b2tlbiI6IjM4ZDIxZWJlLTY4NmUtNDU4MC1hMzI0LTQ1NTRhOWIyNGE3YiIsImlhdCI6MTc0NDA5MDI0MywiZXhwIjoxNzQ0MzA2MjQzLCJpc3MiOiJsb29wYmFjazQifQ.99AnG_Lp5m5SJKGqXcyq-28x6g-IiAwJgltdzZ4gLvg', '7c24c913-4af7-4922-87ac-0ac33c6f0d91'),
(111, 'eyJhbGciOiJIUzI1NiIsInR5cCI6IkpXVCJ9.eyJ0b2tlbiI6ImVhNzFjZDQ2LWFmZTctNGZiNy1hNGVhLTUxZGFhMTI5YmIyOCIsImlhdCI6MTc0NDA5MDI2NywiZXhwIjoxNzQ0MzA2MjY3LCJpc3MiOiJsb29wYmFjazQifQ.EENUPZ5zQSjQuMHCkGUkUqkEYMQl-2uu8Hf4dsGa8d8', '7c24c913-4af7-4922-87ac-0ac33c6f0d91'),
(112, 'eyJhbGciOiJIUzI1NiIsInR5cCI6IkpXVCJ9.eyJ0b2tlbiI6IjI5NjE4MDcxLTFiOWMtNGJhYi1iM2U5LTRjNzdlYzhlMzQ0ZiIsImlhdCI6MTc0NDA5MDI5MiwiZXhwIjoxNzQ0MzA2MjkyLCJpc3MiOiJsb29wYmFjazQifQ.raw0bVtfQaDQyk-WWQ1vvClc3yZZUlTNfDaflix-FaU', '7c24c913-4af7-4922-87ac-0ac33c6f0d91'),
(113, 'eyJhbGciOiJIUzI1NiIsInR5cCI6IkpXVCJ9.eyJ0b2tlbiI6ImY3ZmI3YjE2LTIzODgtNGQxNS04ZmUxLTMzMjM3MmVmMzE5NCIsImlhdCI6MTc0NDA5MDQ5OSwiZXhwIjoxNzQ0MzA2NDk5LCJpc3MiOiJsb29wYmFjazQifQ.IpUTrr0ZYkeAd6p7YWGBVnaZjkvggApbUH13s710iHg', '7c24c913-4af7-4922-87ac-0ac33c6f0d91'),
(114, 'eyJhbGciOiJIUzI1NiIsInR5cCI6IkpXVCJ9.eyJ0b2tlbiI6ImM2NTQzZmNhLTIxM2UtNDE4My1iMGZiLTRiMDM1OTA0ZTI4ZCIsImlhdCI6MTc0NDA5MDU4OSwiZXhwIjoxNzQ0MzA2NTg5LCJpc3MiOiJsb29wYmFjazQifQ.T5KeCAKwAtNKTpM3cMtZ4usJ3jD89IHrO8wPD9jSToU', '7c24c913-4af7-4922-87ac-0ac33c6f0d91'),
(115, 'eyJhbGciOiJIUzI1NiIsInR5cCI6IkpXVCJ9.eyJ0b2tlbiI6ImM0NjQ5NDU0LTRkNjMtNDQ3Zi1iNGM0LTFhNmNiNWNiY2FmNyIsImlhdCI6MTc0NDExMzczMiwiZXhwIjoxNzQ0MzI5NzMyLCJpc3MiOiJsb29wYmFjazQifQ.VFF2t58WyaM8-sjsu9wi4YSNnW0dn1SulILzpi-pueA', '7c24c913-4af7-4922-87ac-0ac33c6f0d91'),
(116, 'eyJhbGciOiJIUzI1NiIsInR5cCI6IkpXVCJ9.eyJ0b2tlbiI6ImM3ZDZiMGJlLWE0YTgtNDY0Ni1hZDI4LTY3MzgxMTViZjI3NyIsImlhdCI6MTc0NDE3NDc0OSwiZXhwIjoxNzQ0MzkwNzQ5LCJpc3MiOiJsb29wYmFjazQifQ.44hGgZKtmggg775-7JrMxaud03-i6l1ICq8oJrZI328', '7c24c913-4af7-4922-87ac-0ac33c6f0d91'),
(117, 'eyJhbGciOiJIUzI1NiIsInR5cCI6IkpXVCJ9.eyJ0b2tlbiI6IjNkZTdjMTA4LTYyNWMtNDgwZC04NDYwLWQ3NDVkMmNjZDBkZiIsImlhdCI6MTc0NDI1ODcxOCwiZXhwIjoxNzQ0NDc0NzE4LCJpc3MiOiJsb29wYmFjazQifQ.zlWmHatkmRhinV8Vk1dGtOzFzpmSybwVBoG0GDNtXbM', '7c24c913-4af7-4922-87ac-0ac33c6f0d91'),
(118, 'eyJhbGciOiJIUzI1NiIsInR5cCI6IkpXVCJ9.eyJ0b2tlbiI6ImFkZDFjODRjLWRkZTctNGZhOS05YWE1LTA0OTJiNWE3NGJhMyIsImlhdCI6MTc0NDM0NDI0NiwiZXhwIjoxNzQ0NTYwMjQ2LCJpc3MiOiJsb29wYmFjazQifQ.vjA4obxZxCZQ_0CB-ouu83Jo4duW2QLqpTFggMuCGV0', '7c24c913-4af7-4922-87ac-0ac33c6f0d91'),
(119, 'eyJhbGciOiJIUzI1NiIsInR5cCI6IkpXVCJ9.eyJ0b2tlbiI6ImIzNDRhNjQxLTg5OGMtNDMyOC05YWRmLWFiMTc1MWRjNTQ5NyIsImlhdCI6MTc0NDM3MDc2MCwiZXhwIjoxNzQ0NTg2NzYwLCJpc3MiOiJsb29wYmFjazQifQ.COX2d1DiszNQ1FN33tPryoYqLJQbfxXTZv6zDeCuyYU', '7c24c913-4af7-4922-87ac-0ac33c6f0d91'),
(120, 'eyJhbGciOiJIUzI1NiIsInR5cCI6IkpXVCJ9.eyJ0b2tlbiI6IjFjZDRiODJkLWMxMDEtNDhhYS1hODZkLTMwNjAwOTU0ZDg4ZiIsImlhdCI6MTc0NDM3MDc5NiwiZXhwIjoxNzQ0NTg2Nzk2LCJpc3MiOiJsb29wYmFjazQifQ.p34LvK96H95i2-Par59yGJoceNa2d-Gp26WAloUZpRE', '7c24c913-4af7-4922-87ac-0ac33c6f0d91'),
(121, 'eyJhbGciOiJIUzI1NiIsInR5cCI6IkpXVCJ9.eyJ0b2tlbiI6IjY3YWZmZDQ1LTUyZDQtNDczYy05NDdhLTBmZmUyMWY2MjU5YiIsImlhdCI6MTc0NDc5MzAwOCwiZXhwIjoxNzQ1MDA5MDA4LCJpc3MiOiJsb29wYmFjazQifQ.7et3CpZdNmqchisNOyb9lYhVuCR-5JVW83dS4rRuSnI', '7c24c913-4af7-4922-87ac-0ac33c6f0d91'),
(122, 'eyJhbGciOiJIUzI1NiIsInR5cCI6IkpXVCJ9.eyJ0b2tlbiI6ImRmYTFkY2RlLTBjODAtNGEwMC1hMjhhLTkwYzEyZjczMDI4ZiIsImlhdCI6MTc0NDg4MzYwMCwiZXhwIjoxNzQ1MDk5NjAwLCJpc3MiOiJsb29wYmFjazQifQ.GgS2bJugLdil-Yq0VNegZ4CNKx7NMvKIQRFZ7sT1y2Y', '7c24c913-4af7-4922-87ac-0ac33c6f0d91'),
(123, 'eyJhbGciOiJIUzI1NiIsInR5cCI6IkpXVCJ9.eyJ0b2tlbiI6IjEyZmQ1N2ZiLWQ0MGQtNDZhNS1iOWRkLTk1ZWRiZTAyNTg1NCIsImlhdCI6MTc0NDk0OTk1OCwiZXhwIjoxNzQ1MTY1OTU4LCJpc3MiOiJsb29wYmFjazQifQ.k0LQjqaSe80-4IMEeBr8F_LCZCznZj7u4q0umAbuzjI', '7c24c913-4af7-4922-87ac-0ac33c6f0d91'),
(124, 'eyJhbGciOiJIUzI1NiIsInR5cCI6IkpXVCJ9.eyJ0b2tlbiI6IjNiMDMzM2M1LTFlZTYtNDk1Yi1hNjNiLWZkZWI3ZTdmYTgwZSIsImlhdCI6MTc0NDk1MTE4NSwiZXhwIjoxNzQ1MTY3MTg1LCJpc3MiOiJsb29wYmFjazQifQ.ydUsYkhtriFc0KRWS9cgenCf1msEkgI_tbBDt8AfNMo', '7c24c913-4af7-4922-87ac-0ac33c6f0d91'),
(125, 'eyJhbGciOiJIUzI1NiIsInR5cCI6IkpXVCJ9.eyJ0b2tlbiI6IjYxM2NiNzU3LThjZTMtNDNiNC04ZDhkLWY1ZWQ1M2ZiYThhMSIsImlhdCI6MTc0NDk3MzExNywiZXhwIjoxNzQ1MTg5MTE3LCJpc3MiOiJsb29wYmFjazQifQ.wk05ktXlq7gTntY9G7UJDO2iwrY5zcRFVgj9NEDGWvo', '7c24c913-4af7-4922-87ac-0ac33c6f0d91'),
(126, 'eyJhbGciOiJIUzI1NiIsInR5cCI6IkpXVCJ9.eyJ0b2tlbiI6IjA5NmVjMjliLTYwOTUtNGZjOC1hM2VmLWYzYTJiZWM2NGU0ZCIsImlhdCI6MTc0NTIxNjA2OCwiZXhwIjoxNzQ1NDMyMDY4LCJpc3MiOiJsb29wYmFjazQifQ.sE-mBMxtjr6qd47_HinbT1GDS4k-ZW0xEubhSJhj5BM', '7c24c913-4af7-4922-87ac-0ac33c6f0d91'),
(127, 'eyJhbGciOiJIUzI1NiIsInR5cCI6IkpXVCJ9.eyJ0b2tlbiI6ImQxOTljMTkxLWYxMzQtNGY5ZS1iMGZlLTY2Mjk3OGYzNzM0YiIsImlhdCI6MTc0NTI5NzM2MSwiZXhwIjoxNzQ1NTEzMzYxLCJpc3MiOiJsb29wYmFjazQifQ.8aE1EXP9Ki69_WTcs1W1yw308TNATbsvC3OkbECkKr4', '7c24c913-4af7-4922-87ac-0ac33c6f0d91'),
(128, 'eyJhbGciOiJIUzI1NiIsInR5cCI6IkpXVCJ9.eyJ0b2tlbiI6IjZhYTU0MGVkLTc4YzktNDYyZS05ZGFkLTc0MTE3NGNiNjAzNiIsImlhdCI6MTc0NTMwNDQzNSwiZXhwIjoxNzQ1NTIwNDM1LCJpc3MiOiJsb29wYmFjazQifQ.GBpvM2VQe8Vw4i92CbRjsuml7EvJsPjHeZQKZStG5w8', '7c24c913-4af7-4922-87ac-0ac33c6f0d91'),
(129, 'eyJhbGciOiJIUzI1NiIsInR5cCI6IkpXVCJ9.eyJ0b2tlbiI6ImRhZTM4Nzg4LWViZDgtNDFlNy1iZDNjLWE0MzFlY2RiNjVlNSIsImlhdCI6MTc0NTM4MjM5MywiZXhwIjoxNzQ1NTk4MzkzLCJpc3MiOiJsb29wYmFjazQifQ.p4v-6mXAWt3LuhWKJO60gL1QH208-tYyNV7dck8k2bI', '7c24c913-4af7-4922-87ac-0ac33c6f0d91'),
(130, 'eyJhbGciOiJIUzI1NiIsInR5cCI6IkpXVCJ9.eyJ0b2tlbiI6Ijg4M2Y5Y2JlLTg4M2ItNDcyOS1hMDBmLWZhYmE3MDRkZGIwYyIsImlhdCI6MTc0NTQwNTU3MywiZXhwIjoxNzQ1NjIxNTczLCJpc3MiOiJsb29wYmFjazQifQ.90pQCxVNMGIjFBeq5GrIw6FkBXlNzlD_1PMQ6ELxtwc', '7c24c913-4af7-4922-87ac-0ac33c6f0d91'),
(131, 'eyJhbGciOiJIUzI1NiIsInR5cCI6IkpXVCJ9.eyJ0b2tlbiI6IjZkZWI3MTI4LTNjMWUtNDUzZS1hOTAxLTY1MmM4NTgxODgwMSIsImlhdCI6MTc0NTQ2OTYwMSwiZXhwIjoxNzQ1Njg1NjAxLCJpc3MiOiJsb29wYmFjazQifQ.ABpCohjSWCrGiPeqPd1AhhWhkfupzzW8klP45Js01KY', '7c24c913-4af7-4922-87ac-0ac33c6f0d91'),
(132, 'eyJhbGciOiJIUzI1NiIsInR5cCI6IkpXVCJ9.eyJ0b2tlbiI6IjQ3ZTdkZDA4LTUxNjYtNGQzMS1iMThkLTE2MmU0MDZiMzM3MiIsImlhdCI6MTc0NTQ4ODY4MiwiZXhwIjoxNzQ1NzA0NjgyLCJpc3MiOiJsb29wYmFjazQifQ.shFRphgi-rjpwrEu5BYo8BAUpi-gv8NBaiY07ZGrkJM', '7c24c913-4af7-4922-87ac-0ac33c6f0d91'),
(133, 'eyJhbGciOiJIUzI1NiIsInR5cCI6IkpXVCJ9.eyJ0b2tlbiI6ImExYWUwYmJmLTc2MDctNGExMS1hZThhLWUzMTk0YWZhODE1YiIsImlhdCI6MTc0NTU1NTM3NywiZXhwIjoxNzQ1NzcxMzc3LCJpc3MiOiJsb29wYmFjazQifQ.5czBfObhZhjJJy2YiYHfJC9gYWao5GMwoF-MJCzMqBc', '7c24c913-4af7-4922-87ac-0ac33c6f0d91'),
(134, 'eyJhbGciOiJIUzI1NiIsInR5cCI6IkpXVCJ9.eyJ0b2tlbiI6IjJhZjcxNzY4LTkyYjItNDBlZi1iYzYyLWM4M2UxNWE1NWQ5NSIsImlhdCI6MTc0NTU4MTg1NSwiZXhwIjoxNzQ1Nzk3ODU1LCJpc3MiOiJsb29wYmFjazQifQ.HJZILRUhsHAW_J6vpNHxL2zSHVDWs_v6gsZy3xMBUlA', '7c24c913-4af7-4922-87ac-0ac33c6f0d91'),
(135, 'eyJhbGciOiJIUzI1NiIsInR5cCI6IkpXVCJ9.eyJ0b2tlbiI6ImJjZTcyZWMyLThiNzAtNGJlZi04NGIxLTYzYmUwMDFjNTJjOSIsImlhdCI6MTc0NTk4OTcyMCwiZXhwIjoxNzQ2MjA1NzIwLCJpc3MiOiJsb29wYmFjazQifQ.Vy7Y7DgB9LofYr_MWJ5R9dFCqNF7l-LOoWQwAjCoYbg', '7c24c913-4af7-4922-87ac-0ac33c6f0d91'),
(136, 'eyJhbGciOiJIUzI1NiIsInR5cCI6IkpXVCJ9.eyJ0b2tlbiI6IjQ5OTI5NGI0LTY5MzAtNDdiYS1hZGQ5LWNhNDAyNzgyZDlhMSIsImlhdCI6MTc0NjAxMTYyNywiZXhwIjoxNzQ2MjI3NjI3LCJpc3MiOiJsb29wYmFjazQifQ.ymTIYgrpKZZJjJvixCgjtIPeif4NxHZUwyS_j0EzdtY', '7c24c913-4af7-4922-87ac-0ac33c6f0d91'),
(137, 'eyJhbGciOiJIUzI1NiIsInR5cCI6IkpXVCJ9.eyJ0b2tlbiI6IjVmYWY5MzRhLWIzM2MtNDZkOS05MmVmLTA1ZmVkNWY3Mjk0NiIsImlhdCI6MTc0NjAxMjg2NSwiZXhwIjoxNzQ2MjI4ODY1LCJpc3MiOiJsb29wYmFjazQifQ.5YSWdFmGV9QMmDaqjhgg63VK-_84pmdkQ3f_5sflA0k', '7c24c913-4af7-4922-87ac-0ac33c6f0d91'),
(138, 'eyJhbGciOiJIUzI1NiIsInR5cCI6IkpXVCJ9.eyJ0b2tlbiI6ImU1MTBiNjFjLTZlYWEtNDJkNi1iNDllLWJiZGE5MWI2MDk0YyIsImlhdCI6MTc0NjE1ODA2MCwiZXhwIjoxNzQ2Mzc0MDYwLCJpc3MiOiJsb29wYmFjazQifQ.YN_ZA0YG4SJs-hHJBKUUwqGKtYdC3_Uwl-8CHJ1_4v8', '7c24c913-4af7-4922-87ac-0ac33c6f0d91'),
(139, 'eyJhbGciOiJIUzI1NiIsInR5cCI6IkpXVCJ9.eyJ0b2tlbiI6ImU5MmRlNGU3LTljZmEtNDUzNy05ODlmLThlMzdkYjZlZjE5OSIsImlhdCI6MTc0NjE4MjIyNywiZXhwIjoxNzQ2Mzk4MjI3LCJpc3MiOiJsb29wYmFjazQifQ.8g2WXe0InfVKvk07iDGBSzyDG5Fxk6M10NQpZIHYb4M', '7c24c913-4af7-4922-87ac-0ac33c6f0d91'),
(140, 'eyJhbGciOiJIUzI1NiIsInR5cCI6IkpXVCJ9.eyJ0b2tlbiI6IjcwYjlkNTk5LWVmZGYtNGRhZi04NmE4LWYxODg5NTg1MWU4NSIsImlhdCI6MTc0NjQyMTAxNywiZXhwIjoxNzQ2NjM3MDE3LCJpc3MiOiJsb29wYmFjazQifQ.cgJCcHteDVMER6SelhD1VC-28hMQsyyrLC4wNrgLIFw', '7c24c913-4af7-4922-87ac-0ac33c6f0d91'),
(141, 'eyJhbGciOiJIUzI1NiIsInR5cCI6IkpXVCJ9.eyJ0b2tlbiI6IjI0MmQxYzkyLWQ5YzEtNDlkZC05ZmEyLTVjMWJjYzY1YTg0MyIsImlhdCI6MTc0NjQ1MTA1MSwiZXhwIjoxNzQ2NjY3MDUxLCJpc3MiOiJsb29wYmFjazQifQ.i3wiPwpF8DgL7VREaN0cgV8mag95l0P0UKcVEeTz_lg', '7c24c913-4af7-4922-87ac-0ac33c6f0d91'),
(142, 'eyJhbGciOiJIUzI1NiIsInR5cCI6IkpXVCJ9.eyJ0b2tlbiI6IjM4ODQ2NjU2LTM0NDYtNDAwYS04YTdiLWU5Yjg3MzZkYjI3MCIsImlhdCI6MTc0NjY4NzY5NywiZXhwIjoxNzQ2OTAzNjk3LCJpc3MiOiJsb29wYmFjazQifQ.PPHbHXif5cr073ZxxtzAFk1Nxw70m76G4GtXzVqbyhU', '7c24c913-4af7-4922-87ac-0ac33c6f0d91'),
(143, 'eyJhbGciOiJIUzI1NiIsInR5cCI6IkpXVCJ9.eyJ0b2tlbiI6IjliZGYzNTU4LWNhYjMtNGViOS1hMDYyLTRlMWIwM2JkNjM1ZCIsImlhdCI6MTc0NzAyNDA1OCwiZXhwIjoxNzQ3MjQwMDU4LCJpc3MiOiJsb29wYmFjazQifQ.wDnjD4BSPi0QF7hKni-GtcPMlMh6MG2iDrnPvM3zJxk', '7c24c913-4af7-4922-87ac-0ac33c6f0d91'),
(144, 'eyJhbGciOiJIUzI1NiIsInR5cCI6IkpXVCJ9.eyJ0b2tlbiI6IjFiOTk1MGIwLTcxMGUtNDI1Yy1iZmViLWNiNDhiOTg0MjRiZiIsImlhdCI6MTc0NzExMjEzNCwiZXhwIjoxNzQ3MzI4MTM0LCJpc3MiOiJsb29wYmFjazQifQ.WM-pE-rKvNZEWux4WWqNTchLA6KXfWTPpYwLuZXenSA', '7c24c913-4af7-4922-87ac-0ac33c6f0d91'),
(145, 'eyJhbGciOiJIUzI1NiIsInR5cCI6IkpXVCJ9.eyJ0b2tlbiI6IjVhZmYxNTA2LTZiMzctNDdkMS1iYzI5LTI2Njk3ZDcxNmJmMiIsImlhdCI6MTc0NzE0MTc5MywiZXhwIjoxNzQ3MzU3NzkzLCJpc3MiOiJsb29wYmFjazQifQ.KNEpgvtlxx2JmeO0fMbNLcyGtN2xN244FZQhvDamdDI', '7c24c913-4af7-4922-87ac-0ac33c6f0d91'),
(146, 'eyJhbGciOiJIUzI1NiIsInR5cCI6IkpXVCJ9.eyJ0b2tlbiI6Ijc4MzhjOGM5LTIwZjQtNGNiNS1iOWFhLTBjNmViOTliYjFjMiIsImlhdCI6MTc0NzczMzg2NiwiZXhwIjoxNzQ3OTQ5ODY2LCJpc3MiOiJsb29wYmFjazQifQ.-ZhpULljAV94-5c7zv7cn-zdDIAaN_0M7jwlhoqm8ms', '7c24c913-4af7-4922-87ac-0ac33c6f0d91'),
(147, 'eyJhbGciOiJIUzI1NiIsInR5cCI6IkpXVCJ9.eyJ0b2tlbiI6ImJiNDAyNmY5LTRmYTktNDYwNS1hMTQxLTUyZmUwMWRhZjg2ZSIsImlhdCI6MTc0ODIzNDM0OSwiZXhwIjoxNzQ4NDUwMzQ5LCJpc3MiOiJsb29wYmFjazQifQ.cjxiW0-H1yWEUp54vqVjPlazLSA-jHsxArRy3Y7Az-8', '7c24c913-4af7-4922-87ac-0ac33c6f0d91'),
(148, 'eyJhbGciOiJIUzI1NiIsInR5cCI6IkpXVCJ9.eyJ0b2tlbiI6ImQ0ZDQ5ZjQ1LTc2ZDktNGRiNC05MGE1LTAwOWU3ODk4NmNiOCIsImlhdCI6MTc0ODQwNjU2OCwiZXhwIjoxNzQ4NjIyNTY4LCJpc3MiOiJsb29wYmFjazQifQ.94EKQd6iQatiG90hVxjpkVht2vTSXIXNnVthn3awC2k', '7c24c913-4af7-4922-87ac-0ac33c6f0d91'),
(149, 'eyJhbGciOiJIUzI1NiIsInR5cCI6IkpXVCJ9.eyJ0b2tlbiI6IjdmMDcwMjdjLWIwZjgtNDk0YS04YzJjLTdlNjA3NGExNzU2YiIsImlhdCI6MTc0ODQyNzM2NiwiZXhwIjoxNzQ4NjQzMzY2LCJpc3MiOiJsb29wYmFjazQifQ.W_6eCeKKI82xajNRXY04ImNxTC5I5L3c3TQPWlyeQL4', '7c24c913-4af7-4922-87ac-0ac33c6f0d91'),
(150, 'eyJhbGciOiJIUzI1NiIsInR5cCI6IkpXVCJ9.eyJ0b2tlbiI6IjI1ZjMyNWUzLTkyMDAtNDYxZi05NTI1LTZmMmQwNGRkMzUwZCIsImlhdCI6MTc0ODQzNTU5NiwiZXhwIjoxNzQ4NjUxNTk2LCJpc3MiOiJsb29wYmFjazQifQ.mInzo4Q8F5UXpioIPoIU1U4OazdmpG658bM72QlPhTc', '7c24c913-4af7-4922-87ac-0ac33c6f0d91'),
(151, 'eyJhbGciOiJIUzI1NiIsInR5cCI6IkpXVCJ9.eyJ0b2tlbiI6IjQ0YWJhYWNlLTIwMmUtNDRiOS1hYWVmLWJmNzJmOGVjZmRhOCIsImlhdCI6MTc0ODQ5ODE3NSwiZXhwIjoxNzQ4NzE0MTc1LCJpc3MiOiJsb29wYmFjazQifQ.a8grNPZl-geOScjiix14fDEDdVlAqc7IUTsyekMW9IE', '7c24c913-4af7-4922-87ac-0ac33c6f0d91'),
(152, 'eyJhbGciOiJIUzI1NiIsInR5cCI6IkpXVCJ9.eyJ0b2tlbiI6ImNmYjQwMzE3LWYxYTUtNDViZi05YmQ2LTU0ZGU5NTkzZjEyNCIsImlhdCI6MTc0ODU3OTkyOSwiZXhwIjoxNzQ4Nzk1OTI5LCJpc3MiOiJsb29wYmFjazQifQ.x-qzTnih0MbqlTrJxeSZvUDtMceXXDR_SgyvgDQ2eDo', '7c24c913-4af7-4922-87ac-0ac33c6f0d91'),
(153, 'eyJhbGciOiJIUzI1NiIsInR5cCI6IkpXVCJ9.eyJ0b2tlbiI6IjQ0ZTY5YjBmLWVhMzYtNGU3My1iNTM1LTZjMTg2OTdiNTBmMCIsImlhdCI6MTc0ODYwNzEyNywiZXhwIjoxNzQ4ODIzMTI3LCJpc3MiOiJsb29wYmFjazQifQ.Vc2biwpxIn9L1tUTjrioZP7QJmCIWcfVcgkjcqaciVg', '7c24c913-4af7-4922-87ac-0ac33c6f0d91'),
(154, 'eyJhbGciOiJIUzI1NiIsInR5cCI6IkpXVCJ9.eyJ0b2tlbiI6ImY5MjFjZmNmLTQyNDctNDNlYi04YzQxLWM5MjgxODk0MDcwYiIsImlhdCI6MTc0ODYwNzQ4NSwiZXhwIjoxNzQ4ODIzNDg1LCJpc3MiOiJsb29wYmFjazQifQ.bhbJwbc16qbPDAocm76t5JUpWMox2fvxFKcfo2VPlCU', '7c24c913-4af7-4922-87ac-0ac33c6f0d91'),
(155, 'eyJhbGciOiJIUzI1NiIsInR5cCI6IkpXVCJ9.eyJ0b2tlbiI6IjRmMDkxYmQ3LTI0ODQtNDRjMS1hMzk4LWQ5Yzk4NDgxZmFiZCIsImlhdCI6MTc1MDkxMzc1OSwiZXhwIjoxNzUxMTI5NzU5LCJpc3MiOiJsb29wYmFjazQifQ.wQ_LuhGIchVYegegVVRX4aYKZQaPO6U8WOlmkqYWpfU', '7c24c913-4af7-4922-87ac-0ac33c6f0d91'),
(156, 'eyJhbGciOiJIUzI1NiIsInR5cCI6IkpXVCJ9.eyJ0b2tlbiI6IjZjYjk3ODk2LTZkZDktNDZhMC05MmIyLTMxYjM5NjY2OWIxYSIsImlhdCI6MTc1MTAwMzM0OSwiZXhwIjoxNzUxMjE5MzQ5LCJpc3MiOiJsb29wYmFjazQifQ._tQuCL7gbiS8yWXxOEQoLV4nRHsZJ0aVrNHAFTkrOLY', '7c24c913-4af7-4922-87ac-0ac33c6f0d91'),
(157, 'eyJhbGciOiJIUzI1NiIsInR5cCI6IkpXVCJ9.eyJ0b2tlbiI6IjU0ZjdlNzQwLTAwOWUtNGE4YS1hNTg0LTg4YWMwZjU4MjI5MiIsImlhdCI6MTc1MTI5ODAxMiwiZXhwIjoxNzUxNTE0MDEyLCJpc3MiOiJsb29wYmFjazQifQ.xVTDaEpU_IMBHUXfOm7TdMaaO0bA9A3hOQe0iLJ0sjw', '7c24c913-4af7-4922-87ac-0ac33c6f0d91'),
(158, 'eyJhbGciOiJIUzI1NiIsInR5cCI6IkpXVCJ9.eyJ0b2tlbiI6ImViMzZlNGQ5LTg0MTEtNDZhNS1iNzMzLTQ3ZmQzMmQyOTczNCIsImlhdCI6MTc1MTM5NjQ4OSwiZXhwIjoxNzUxNjEyNDg5LCJpc3MiOiJsb29wYmFjazQifQ.X9oeppqZb0WWK2xGY6GziNKUwajA3buKT3wU-fek1o0', '7c24c913-4af7-4922-87ac-0ac33c6f0d91'),
(159, 'eyJhbGciOiJIUzI1NiIsInR5cCI6IkpXVCJ9.eyJ0b2tlbiI6ImQzMDhkNzUxLWM0Y2EtNDdiMy05OWRhLTRmMGEzZjcxM2EwZSIsImlhdCI6MTc1MTU2NDExNiwiZXhwIjoxNzUxNzgwMTE2LCJpc3MiOiJsb29wYmFjazQifQ.yWGXB68Ux48bDr88-bW5-dwVFR80Kpxc9jWCML8hfJc', '7c24c913-4af7-4922-87ac-0ac33c6f0d91'),
(160, 'eyJhbGciOiJIUzI1NiIsInR5cCI6IkpXVCJ9.eyJ0b2tlbiI6ImNlNjVmZDUwLWZjNDQtNGY0My04ODUyLWY0OTI1NTdlNTJiYyIsImlhdCI6MTc1MTc5NjM3MiwiZXhwIjoxNzUyMDEyMzcyLCJpc3MiOiJsb29wYmFjazQifQ.pmZ9zOhUkXTcLMpb7dZii8S73fKKWM1idFkMUfrYfn0', '7c24c913-4af7-4922-87ac-0ac33c6f0d91'),
(161, 'eyJhbGciOiJIUzI1NiIsInR5cCI6IkpXVCJ9.eyJ0b2tlbiI6IjM5Y2U5OWVlLWQ2ZTUtNDY3MC1hODYxLTRkZWZhZGZlOGI0NCIsImlhdCI6MTc1MTkzMTUxMCwiZXhwIjoxNzUyMTQ3NTEwLCJpc3MiOiJsb29wYmFjazQifQ.W6AHGEfXezSY34tDAESvKD_4HiYT4pIcP_H8BvEADrk', '7c24c913-4af7-4922-87ac-0ac33c6f0d91'),
(162, 'eyJhbGciOiJIUzI1NiIsInR5cCI6IkpXVCJ9.eyJ0b2tlbiI6ImNlMmUxZTc4LTI2NmYtNDlhNC1iMTRmLWIzNjBkY2RkMjQ1NCIsImlhdCI6MTc1MjIwNTgwNCwiZXhwIjoxNzUyNDIxODA0LCJpc3MiOiJsb29wYmFjazQifQ.efMPRmhWg-87rHXCjkGYBFOhkLTCDrXolJBVsYwK8ck', '7c24c913-4af7-4922-87ac-0ac33c6f0d91'),
(163, 'eyJhbGciOiJIUzI1NiIsInR5cCI6IkpXVCJ9.eyJ0b2tlbiI6ImE5YjI4M2QzLTYyNDEtNGYzNi1iODNjLWRmYWNlMjA0OThhMyIsImlhdCI6MTc1MjIyODA5NiwiZXhwIjoxNzUyNDQ0MDk2LCJpc3MiOiJsb29wYmFjazQifQ.WEUjwNn4JMmvuBvyqVqE6fXBr6uJOFiX0lLyL1bG-FM', '7c24c913-4af7-4922-87ac-0ac33c6f0d91'),
(164, 'eyJhbGciOiJIUzI1NiIsInR5cCI6IkpXVCJ9.eyJ0b2tlbiI6IjdiODZmMGI0LTNmYTMtNDRmZi05NDRlLTY2Njc4MTI4ODQxZiIsImlhdCI6MTc1MjI0NzgwNywiZXhwIjoxNzUyNDYzODA3LCJpc3MiOiJsb29wYmFjazQifQ.AOClGV4-ISOUdp-W-uF_Fs2Sr6KrPifMY31vOsAvqoE', '7c24c913-4af7-4922-87ac-0ac33c6f0d91'),
(165, 'eyJhbGciOiJIUzI1NiIsInR5cCI6IkpXVCJ9.eyJ0b2tlbiI6ImE1Nzc2ZDUxLTVjNzItNDExZS05Mjc0LWJhYjIzNWViMTNmMCIsImlhdCI6MTc1MjI0ODEzMiwiZXhwIjoxNzUyNDY0MTMyLCJpc3MiOiJsb29wYmFjazQifQ.0W6yVe6zP4Zs4AX-lBA6f_TDuzWFgypWmmzECN80J2I', '7c24c913-4af7-4922-87ac-0ac33c6f0d91'),
(166, 'eyJhbGciOiJIUzI1NiIsInR5cCI6IkpXVCJ9.eyJ0b2tlbiI6ImYwYmFmZWE5LThiMWUtNDQyOC04OGQ0LTgyNWM0OWI2NGJlYiIsImlhdCI6MTc1MjI5ODM3MCwiZXhwIjoxNzUyNTE0MzcwLCJpc3MiOiJsb29wYmFjazQifQ.O0d8rttrhB_GBLdjHhImirU44hwoP7yejoVJdq2gp7g', '7c24c913-4af7-4922-87ac-0ac33c6f0d91'),
(167, 'eyJhbGciOiJIUzI1NiIsInR5cCI6IkpXVCJ9.eyJ0b2tlbiI6ImRkMjNmNmVjLTNiNjEtNDE5ZC04NDI1LTk4MTQwOGE5NDA1MyIsImlhdCI6MTc1MjMwMDY4MSwiZXhwIjoxNzUyNTE2NjgxLCJpc3MiOiJsb29wYmFjazQifQ.bbjqwExW85dybgJ42jlzZRURjPLZgv-YDxZCd9nWILM', '7c24c913-4af7-4922-87ac-0ac33c6f0d91'),
(168, 'eyJhbGciOiJIUzI1NiIsInR5cCI6IkpXVCJ9.eyJ0b2tlbiI6ImFjNWE2ODU3LTViYzUtNDc2NC04NmNlLTBlYjMyMzU0NTkwMCIsImlhdCI6MTc1MjMwNDk2MCwiZXhwIjoxNzUyNTIwOTYwLCJpc3MiOiJsb29wYmFjazQifQ.ZZ5KM_zkAT99-iEa8gdieXTOEAQVNQR3rDGHCssZufA', '7c24c913-4af7-4922-87ac-0ac33c6f0d91'),
(169, 'eyJhbGciOiJIUzI1NiIsInR5cCI6IkpXVCJ9.eyJ0b2tlbiI6IjFhMjQwZjNiLWFjYzItNDM4MS1hYzM4LWI0ZjYyMmJmMTRlMCIsImlhdCI6MTc1MjMwNTE4NSwiZXhwIjoxNzUyNTIxMTg1LCJpc3MiOiJsb29wYmFjazQifQ.8dk7JU_j__Il9YV3wuPwca4zUP9VWmTtjhRiCNtL_Yw', '7c24c913-4af7-4922-87ac-0ac33c6f0d91');

-- --------------------------------------------------------

--
-- Table structure for table `reviews`
--

CREATE TABLE `reviews` (
  `id` int(11) NOT NULL,
  `studentId` int(11) NOT NULL,
  `courseId` int(11) NOT NULL,
  `review` text CHARACTER SET utf8mb4 COLLATE utf8mb4_unicode_ci NOT NULL,
  `rating` varchar(200) NOT NULL,
  `status` enum('pending','published','deleted') DEFAULT 'pending',
  `createdAt` timestamp NOT NULL DEFAULT current_timestamp()
) ENGINE=InnoDB DEFAULT CHARSET=latin1 COLLATE=latin1_swedish_ci;

-- --------------------------------------------------------

--
-- Table structure for table `settings`
--

CREATE TABLE `settings` (
  `id` int(11) NOT NULL,
  `option_name` varchar(255) DEFAULT NULL,
  `option_value` longtext DEFAULT NULL,
  `createdBy` varchar(255) DEFAULT NULL,
  `status` tinyint(1) DEFAULT 1,
  `deleted` tinyint(1) DEFAULT 0,
  `createdAt` timestamp NULL DEFAULT current_timestamp(),
  `updatedAt` timestamp NULL DEFAULT current_timestamp() ON UPDATE current_timestamp()
) ENGINE=InnoDB DEFAULT CHARSET=utf8mb4 COLLATE=utf8mb4_general_ci;

--
-- Dumping data for table `settings`
--

INSERT INTO `settings` (`id`, `option_name`, `option_value`, `createdBy`, `status`, `deleted`, `createdAt`, `updatedAt`) VALUES
(1, 'siteName', 'DropCMS', NULL, 1, 0, '2025-03-14 09:43:24', '2025-03-21 05:38:55');

-- --------------------------------------------------------

--
-- Table structure for table `shipping`
--

CREATE TABLE `shipping` (
  `id` int(11) NOT NULL,
  `shippingAddress` text NOT NULL,
  `shippingCost` decimal(10,2) DEFAULT 0.00,
  `trackingNumber` varchar(100) DEFAULT NULL,
  `carrier` varchar(100) DEFAULT NULL,
  `createdAt` timestamp NULL DEFAULT current_timestamp(),
  `updatedAt` timestamp NULL DEFAULT current_timestamp() ON UPDATE current_timestamp(),
  `createdBy` varchar(256) DEFAULT NULL,
  `status` enum('active','inactive') DEFAULT 'active',
  `deleted` tinyint(1) DEFAULT 0
) ENGINE=InnoDB DEFAULT CHARSET=utf8mb4 COLLATE=utf8mb4_general_ci;

--
-- Dumping data for table `shipping`
--

INSERT INTO `shipping` (`id`, `shippingAddress`, `shippingCost`, `trackingNumber`, `carrier`, `createdAt`, `updatedAt`, `createdBy`, `status`, `deleted`) VALUES
(1, '123 Main St, Springfield, IL', 15.00, 'TRK12345', 'FedEx', '2025-03-07 10:20:20', '2025-03-10 05:25:34', 'admin', 'active', 0),
(2, '456 Oak Rd, Denver, CO', 20.00, 'TRK67890', 'UPS', '2025-03-07 10:20:20', '2025-03-10 05:25:37', 'admin', 'active', 0),
(3, '789 Pine St, Miami, FL', 25.00, 'TRK11223', 'USPS', '2025-03-07 10:20:20', '2025-03-10 05:25:39', 'admin', 'active', 0),
(4, '101 Maple Rd, New York, NY', 30.00, 'TRK33445', 'DHL', '2025-03-07 10:20:20', '2025-03-10 05:25:42', 'admin', 'active', 0);

-- --------------------------------------------------------

--
-- Table structure for table `stdenrolled`
--

CREATE TABLE `stdenrolled` (
  `id` char(36) NOT NULL,
  `studentId` int(11) NOT NULL,
  `courseId` int(11) NOT NULL,
  `createdBy` varchar(255) NOT NULL,
  `createdAt` datetime DEFAULT current_timestamp()
) ENGINE=InnoDB DEFAULT CHARSET=utf8mb4 COLLATE=utf8mb4_general_ci;

-- --------------------------------------------------------

--
-- Table structure for table `students`
--

CREATE TABLE `students` (
  `id` bigint(20) NOT NULL,
  `identifier` varchar(255) NOT NULL,
  `title` varchar(255) NOT NULL,
  `content` longtext DEFAULT NULL,
  `totalCourse` decimal(10,0) NOT NULL,
  `featured` varchar(255) NOT NULL,
  `imageUrl` varchar(255) NOT NULL,
  `status` enum('pending','published','draft','deleted') NOT NULL DEFAULT 'pending',
  `createdAt` datetime DEFAULT current_timestamp(),
  `updatedAt` datetime DEFAULT current_timestamp() ON UPDATE current_timestamp(),
  `createdBy` varchar(255) NOT NULL,
  `deleted` tinyint(1) DEFAULT 0
) ENGINE=InnoDB DEFAULT CHARSET=utf8mb4 COLLATE=utf8mb4_general_ci;

--
-- Dumping data for table `students`
--

INSERT INTO `students` (`id`, `identifier`, `title`, `content`, `totalCourse`, `featured`, `imageUrl`, `status`, `createdAt`, `updatedAt`, `createdBy`, `deleted`) VALUES
(2, 'akbar-alli', 'Akbar alli', 'test', 0, '', '', 'published', '2025-07-11 15:32:19', '2025-07-11 21:32:19', '7c24c913-4af7-4922-87ac-0ac33c6f0d91', 0),
(3, 'kayser-mahmud', 'Kayser Mahmud', 'test', 0, '', '', 'published', '2025-07-11 15:32:39', '2025-07-11 21:32:39', '7c24c913-4af7-4922-87ac-0ac33c6f0d91', 0);

-- --------------------------------------------------------

--
-- Table structure for table `tags`
--

CREATE TABLE `tags` (
  `id` int(11) NOT NULL,
  `name` varchar(100) NOT NULL,
  `identifier` varchar(255) NOT NULL,
  `postId` int(11) NOT NULL,
  `status` enum('active','inactive') DEFAULT 'active',
  `createdAt` timestamp NULL DEFAULT current_timestamp(),
  `updatedAt` timestamp NULL DEFAULT current_timestamp() ON UPDATE current_timestamp(),
  `createdBy` varchar(255) NOT NULL,
  `deleted` tinyint(1) NOT NULL DEFAULT 0
) ENGINE=InnoDB DEFAULT CHARSET=utf8mb4 COLLATE=utf8mb4_general_ci;

--
-- Dumping data for table `tags`
--

INSERT INTO `tags` (`id`, `name`, `identifier`, `postId`, `status`, `createdAt`, `updatedAt`, `createdBy`, `deleted`) VALUES
(1, 'Tech Trends', 'tech-trends', 24, 'active', '2025-03-17 06:50:05', '2025-04-08 06:47:53', 'admin', 0),
(2, 'Healthy Living', 'healthy-living', 25, 'active', '2025-03-17 06:50:05', '2025-04-08 06:48:16', 'admin', 0),
(3, 'Travel Destinations', 'travel-destinations', 26, 'active', '2025-03-17 06:50:05', '2025-04-10 07:08:40', 'admin', 0),
(4, 'Financial Planning', 'financial-planning', 27, 'active', '2025-03-17 06:50:05', '2025-04-10 07:12:56', 'admin', 0),
(5, 'Quick Recipes', 'quick-recipes', 28, 'active', '2025-03-17 06:50:05', '2025-04-10 07:12:40', 'admin', 0),
(6, 'Digital Marketing', 'digital-marketing', 29, 'active', '2025-03-17 06:50:05', '2025-04-10 07:13:10', 'admin', 0),
(7, 'Startup Growth', 'startup-growth', 30, 'active', '2025-03-17 06:50:05', '2025-04-10 07:12:27', 'admin', 0),
(8, 'Online Learning', 'online-learning', 31, 'active', '2025-03-17 06:50:05', '2025-04-10 07:11:57', 'admin', 0),
(9, 'AI & Machine Learning', 'aI-machine-learning', 24, 'active', '2025-03-17 06:50:05', '2025-04-10 07:11:36', 'admin', 0),
(10, 'Sustainable Living', 'sustainable-living', 25, 'active', '2025-03-17 06:50:05', '2025-04-08 06:49:02', 'admin', 0),
(11, 'Blockchain Technology', 'blockchain-technology', 24, 'active', '2025-03-17 06:50:05', '2025-04-10 07:11:17', 'admin', 0),
(12, 'Health & Wellness', 'health-wellness', 25, 'active', '2025-03-17 06:50:05', '2025-04-08 06:48:46', 'admin', 0),
(13, 'Travel Tips', 'travel-tips', 26, 'active', '2025-03-17 06:50:05', '2025-04-10 07:10:58', 'admin', 0),
(14, 'E-Commerce Growth', 'e-commerce-growth', 29, 'active', '2025-03-17 06:50:05', '2025-04-10 07:10:42', 'admin', 0),
(15, 'Personal Finance', 'personal-finance', 27, 'active', '2025-03-17 06:50:05', '2025-04-10 07:10:26', 'admin', 0),
(16, 'Productivity Hacks', 'productivity-hacks', 24, 'active', '2025-03-17 06:50:05', '2025-04-10 07:10:13', 'admin', 0),
(17, 'Career Development', 'career-development', 30, 'active', '2025-03-17 06:50:05', '2025-04-10 07:09:58', 'admin', 0),
(18, 'Remote Work', 'remote-work', 30, 'active', '2025-03-17 06:50:05', '2025-04-10 07:08:57', 'admin', 0),
(19, 'Tech Trends', 'tech-trends', 25, 'active', '2025-04-10 06:50:10', '2025-04-10 06:50:10', '7c24c913-4af7-4922-87ac-0ac33c6f0d91', 0),
(20, 'Online Learning', 'online-learning', 25, 'active', '2025-04-10 06:50:10', '2025-04-10 06:50:10', '7c24c913-4af7-4922-87ac-0ac33c6f0d91', 0);

-- --------------------------------------------------------

--
-- Table structure for table `tokens`
--

CREATE TABLE `tokens` (
  `id` varchar(255) NOT NULL,
  `userId` char(36) NOT NULL,
  `type` varchar(255) NOT NULL,
  `expiresAt` datetime DEFAULT NULL,
  `createdAt` datetime DEFAULT current_timestamp()
) ENGINE=InnoDB DEFAULT CHARSET=utf8mb4 COLLATE=utf8mb4_general_ci;

--
-- Dumping data for table `tokens`
--

INSERT INTO `tokens` (`id`, `userId`, `type`, `expiresAt`, `createdAt`) VALUES
('b8ef2e76-864d-4a0a-a104-2e108eed4b88', '00000000-0000-0000-0000-000000000000', 'forget_password', '2025-01-22 08:23:26', '2025-01-21 08:23:26');

-- --------------------------------------------------------

--
-- Table structure for table `transaction`
--

CREATE TABLE `transaction` (
  `id` char(36) NOT NULL,
  `clientId` varchar(255) NOT NULL,
  `campaignId` varchar(255) NOT NULL,
  `amount` varchar(50) NOT NULL,
  `type` enum('debit','credit') NOT NULL,
  `createdBy` varchar(255) NOT NULL,
  `createdAt` datetime DEFAULT current_timestamp()
) ENGINE=InnoDB DEFAULT CHARSET=utf8mb4 COLLATE=utf8mb4_general_ci;

-- --------------------------------------------------------

--
-- Table structure for table `users`
--

CREATE TABLE `users` (
  `id` char(36) NOT NULL,
  `email` varchar(255) NOT NULL,
  `password` varchar(512) NOT NULL,
  `role` varchar(50) DEFAULT NULL,
  `groupId` int(255) NOT NULL,
  `firstName` varchar(255) DEFAULT NULL,
  `lastName` varchar(255) DEFAULT NULL,
  `expiredPass` tinyint(1) DEFAULT NULL,
  `isVerified` tinyint(1) DEFAULT NULL,
  `createdBy` char(36) DEFAULT NULL,
  `createdAt` datetime DEFAULT NULL,
  `updatedAt` datetime DEFAULT NULL,
  `status` varchar(10) NOT NULL DEFAULT 'active',
  `deleted` tinyint(1) DEFAULT 0
) ENGINE=InnoDB DEFAULT CHARSET=utf8mb4 COLLATE=utf8mb4_unicode_ci;

--
-- Dumping data for table `users`
--

INSERT INTO `users` (`id`, `email`, `password`, `role`, `groupId`, `firstName`, `lastName`, `expiredPass`, `isVerified`, `createdBy`, `createdAt`, `updatedAt`, `status`, `deleted`) VALUES
('7c24c913-4af7-4922-87ac-0ac33c6f0d91', 'admin@gmail.com', '$2b$10$jTFSTc5QPyC/Mr.3TbW9MeuQrfgfrkZPr5DTYCtNUKi2OVqU.m7Ou', 'admin', 1, 'Admin', 'Role', NULL, NULL, NULL, '2025-02-06 11:44:36', '2025-02-28 08:58:01', 'active', 0),
('83a0f09c-2dfe-4b4c-8918-381b9f15f0cd', 'nur@gmail.com', '$2b$10$jTFSTc5QPyC/Mr.3TbW9MeuQrfgfrkZPr5DTYCtNUKi2OVqU.m7Ou', 'admin', 1, 'Nur islam', 'Islam', 0, 1, '7c24c913-4af7-4922-87ac-0ac33c6f0d91', '2025-02-18 10:19:04', '2025-02-20 06:24:16', 'inactive', 0),
('86c43859-4402-41a9-b774-2ab98230a6c8', 'dev@abc.com', '$2b$10$.bm2G6d5R8OUFbJoez79WeRhS2mK/jBus4cYc1u8TtqvCZtvchhVi', 'admin', 1, 'Darren', 'Dunner', 0, 1, '7c24c913-4af7-4922-87ac-0ac33c6f0d91', '2025-02-18 10:08:46', '2025-02-18 10:08:46', 'active', 0),
('942ae23d-4b93-4f75-9a59-186931999242', 'khan@gmail.com', '$2b$10$KR86s61CHY220Taj4UrVuOzVD.H6lvmFOaVKp3dB65l0hmsygmcKa', 'admin', 1, 'Nur', 'Khan', 0, 1, '7c24c913-4af7-4922-87ac-0ac33c6f0d91', '2025-02-18 10:22:41', '2025-02-18 10:22:41', 'active', 0),
('97904874-493a-4ce6-a552-35bb4a13463c', 'dave@gmail.com', '$2b$10$d51aZxZs0MJ/n7srzYx4O.xvVGKDOfrkaMMl5S7LcciHcNoDmssdW', 'account', 2, 'Dave', 'Polykoff', 0, 1, '7c24c913-4af7-4922-87ac-0ac33c6f0d91', '2025-02-18 10:31:32', '2025-02-19 11:42:07', 'active', 0),
('f69545ba-8749-4bdf-b2d4-15407c392074', 'devs@gmail.com', '$2b$10$ZmyhNW/G.2lyqS.QnOv1ZupY9ARZliAQ57EeZFpurqzxgS62ryytG', 'vendor', 1, 'Darren', 'Dunner', 0, 1, '7c24c913-4af7-4922-87ac-0ac33c6f0d91', '2025-02-18 12:25:07', '2025-02-18 12:25:07', 'active', 0);

--
-- Indexes for dumped tables
--

--
-- Indexes for table `accesstokens`
--
ALTER TABLE `accesstokens`
  ADD PRIMARY KEY (`id`),
  ADD KEY `tokenExpiredAt` (`expiredAt`);

--
-- Indexes for table `categories`
--
ALTER TABLE `categories`
  ADD PRIMARY KEY (`id`),
  ADD UNIQUE KEY `identifier` (`identifier`);

--
-- Indexes for table `company`
--
ALTER TABLE `company`
  ADD PRIMARY KEY (`id`);

--
-- Indexes for table `courses`
--
ALTER TABLE `courses`
  ADD PRIMARY KEY (`id`),
  ADD UNIQUE KEY `identifier` (`identifier`);

--
-- Indexes for table `groups`
--
ALTER TABLE `groups`
  ADD PRIMARY KEY (`id`);

--
-- Indexes for table `instructors`
--
ALTER TABLE `instructors`
  ADD PRIMARY KEY (`id`),
  ADD UNIQUE KEY `identifier` (`identifier`);

--
-- Indexes for table `lessons`
--
ALTER TABLE `lessons`
  ADD PRIMARY KEY (`id`),
  ADD UNIQUE KEY `unique_name_postid` (`name`,`courseId`);

--
-- Indexes for table `modules`
--
ALTER TABLE `modules`
  ADD PRIMARY KEY (`id`),
  ADD UNIQUE KEY `name` (`name`);

--
-- Indexes for table `pages`
--
ALTER TABLE `pages`
  ADD PRIMARY KEY (`id`),
  ADD UNIQUE KEY `identifier` (`identifier`),
  ADD KEY `title` (`title`);

--
-- Indexes for table `permissions`
--
ALTER TABLE `permissions`
  ADD PRIMARY KEY (`id`);

--
-- Indexes for table `posts`
--
ALTER TABLE `posts`
  ADD PRIMARY KEY (`id`),
  ADD UNIQUE KEY `identifier` (`identifier`);

--
-- Indexes for table `products`
--
ALTER TABLE `products`
  ADD PRIMARY KEY (`id`),
  ADD UNIQUE KEY `identifier` (`identifier`),
  ADD UNIQUE KEY `sku` (`sku`),
  ADD KEY `categoryId` (`categoryId`),
  ADD KEY `companyId` (`companyId`);

--
-- Indexes for table `refreshtoken`
--
ALTER TABLE `refreshtoken`
  ADD PRIMARY KEY (`id`);

--
-- Indexes for table `settings`
--
ALTER TABLE `settings`
  ADD PRIMARY KEY (`id`),
  ADD UNIQUE KEY `option_name` (`option_name`);

--
-- Indexes for table `shipping`
--
ALTER TABLE `shipping`
  ADD PRIMARY KEY (`id`),
  ADD UNIQUE KEY `trackingNumber` (`trackingNumber`);

--
-- Indexes for table `stdenrolled`
--
ALTER TABLE `stdenrolled`
  ADD PRIMARY KEY (`id`);

--
-- Indexes for table `students`
--
ALTER TABLE `students`
  ADD PRIMARY KEY (`id`),
  ADD UNIQUE KEY `identifier` (`identifier`);

--
-- Indexes for table `tags`
--
ALTER TABLE `tags`
  ADD PRIMARY KEY (`id`),
  ADD UNIQUE KEY `unique_name_postid` (`name`,`postId`);

--
-- Indexes for table `tokens`
--
ALTER TABLE `tokens`
  ADD PRIMARY KEY (`id`);

--
-- Indexes for table `transaction`
--
ALTER TABLE `transaction`
  ADD PRIMARY KEY (`id`);

--
-- Indexes for table `users`
--
ALTER TABLE `users`
  ADD PRIMARY KEY (`id`);

--
-- AUTO_INCREMENT for dumped tables
--

--
-- AUTO_INCREMENT for table `categories`
--
ALTER TABLE `categories`
  MODIFY `id` int(11) NOT NULL AUTO_INCREMENT, AUTO_INCREMENT=42;

--
-- AUTO_INCREMENT for table `company`
--
ALTER TABLE `company`
  MODIFY `id` int(11) NOT NULL AUTO_INCREMENT, AUTO_INCREMENT=10;

--
-- AUTO_INCREMENT for table `courses`
--
ALTER TABLE `courses`
  MODIFY `id` bigint(20) NOT NULL AUTO_INCREMENT, AUTO_INCREMENT=12;

--
-- AUTO_INCREMENT for table `groups`
--
ALTER TABLE `groups`
  MODIFY `id` int(11) NOT NULL AUTO_INCREMENT, AUTO_INCREMENT=5;

--
-- AUTO_INCREMENT for table `instructors`
--
ALTER TABLE `instructors`
  MODIFY `id` bigint(20) NOT NULL AUTO_INCREMENT, AUTO_INCREMENT=111;

--
-- AUTO_INCREMENT for table `lessons`
--
ALTER TABLE `lessons`
  MODIFY `id` int(11) NOT NULL AUTO_INCREMENT, AUTO_INCREMENT=15;

--
-- AUTO_INCREMENT for table `modules`
--
ALTER TABLE `modules`
  MODIFY `id` int(11) NOT NULL AUTO_INCREMENT, AUTO_INCREMENT=42;

--
-- AUTO_INCREMENT for table `pages`
--
ALTER TABLE `pages`
  MODIFY `id` int(11) NOT NULL AUTO_INCREMENT, AUTO_INCREMENT=5;

--
-- AUTO_INCREMENT for table `permissions`
--
ALTER TABLE `permissions`
  MODIFY `id` bigint(20) NOT NULL AUTO_INCREMENT, AUTO_INCREMENT=31;

--
-- AUTO_INCREMENT for table `posts`
--
ALTER TABLE `posts`
  MODIFY `id` bigint(20) NOT NULL AUTO_INCREMENT, AUTO_INCREMENT=60;

--
-- AUTO_INCREMENT for table `products`
--
ALTER TABLE `products`
  MODIFY `id` bigint(20) NOT NULL AUTO_INCREMENT, AUTO_INCREMENT=10;

--
-- AUTO_INCREMENT for table `refreshtoken`
--
ALTER TABLE `refreshtoken`
  MODIFY `id` int(11) NOT NULL AUTO_INCREMENT, AUTO_INCREMENT=170;

--
-- AUTO_INCREMENT for table `settings`
--
ALTER TABLE `settings`
  MODIFY `id` int(11) NOT NULL AUTO_INCREMENT, AUTO_INCREMENT=5;

--
-- AUTO_INCREMENT for table `shipping`
--
ALTER TABLE `shipping`
  MODIFY `id` int(11) NOT NULL AUTO_INCREMENT, AUTO_INCREMENT=5;

--
-- AUTO_INCREMENT for table `students`
--
ALTER TABLE `students`
  MODIFY `id` bigint(20) NOT NULL AUTO_INCREMENT, AUTO_INCREMENT=4;

--
-- AUTO_INCREMENT for table `tags`
--
ALTER TABLE `tags`
  MODIFY `id` int(11) NOT NULL AUTO_INCREMENT, AUTO_INCREMENT=21;

--
-- Constraints for dumped tables
--

--
-- Constraints for table `products`
--
ALTER TABLE `products`
  ADD CONSTRAINT `products_ibfk_1` FOREIGN KEY (`categoryId`) REFERENCES `categories` (`id`) ON DELETE SET NULL,
  ADD CONSTRAINT `products_ibfk_2` FOREIGN KEY (`companyId`) REFERENCES `company` (`id`) ON DELETE SET NULL;
COMMIT;

/*!40101 SET CHARACTER_SET_CLIENT=@OLD_CHARACTER_SET_CLIENT */;
/*!40101 SET CHARACTER_SET_RESULTS=@OLD_CHARACTER_SET_RESULTS */;
/*!40101 SET COLLATION_CONNECTION=@OLD_COLLATION_CONNECTION */;
